# thermal-gate sim rates vs arrival time, per pulse, summed over 4 walls, 0.5 MIP. n_events=80000000 n_pulse=4.2840e+06. Poisson errors.
t_lo_ms,t_hi_ms,t_mid_ms,sipm_per_pulse_per_ms,sipm_err,plastic2.0cm_per_pulse_per_ms,plastic2.0cm_err,plastic2.5cm_per_pulse_per_ms,plastic2.5cm_err,leg2.0cm_per_pulse_per_ms,leg2.0cm_err,leg2.5cm_per_pulse_per_ms,leg2.5cm_err
1.000000e+00,1.500000e+00,1.250000e+00,8.889300e+01,3.085521e+00,6.136830e+01,2.563698e+00,1.724310e+01,1.358947e+00,7.818300e+00,9.150628e-01,6.318900e+00,8.226507e-01
1.500000e+00,2.000000e+00,1.750000e+00,7.679070e+01,2.867801e+00,4.733820e+01,2.251649e+00,1.520820e+01,1.276244e+00,6.854400e+00,8.568000e-01,5.569200e+00,7.723091e-01
2.000000e+00,2.500000e+00,2.250000e+00,7.475580e+01,2.829549e+00,4.733820e+01,2.251649e+00,1.756440e+01,1.371549e+00,7.175700e+00,8.766513e-01,6.426000e+00,8.295930e-01
2.500000e+00,3.000000e+00,2.750000e+00,7.850430e+01,2.899622e+00,4.401810e+01,2.171253e+00,1.981350e+01,1.456717e+00,8.139600e+00,9.336762e-01,7.068600e+00,8.700845e-01
3.000000e+00,3.500000e+00,3.250000e+00,9.017820e+01,3.107746e+00,4.776660e+01,2.261814e+00,2.002770e+01,1.464570e+00,8.139600e+00,9.336762e-01,7.282800e+00,8.831692e-01
3.500000e+00,4.000000e+00,3.750000e+00,1.389087e+02,3.857087e+00,7.164990e+01,2.770145e+00,2.988090e+01,1.788923e+00,1.360170e+01,1.206956e+00,1.124550e+01,1.097448e+00
4.000000e+00,4.500000e+00,4.250000e+00,2.001699e+02,4.630140e+00,1.064574e+02,3.376624e+00,4.755240e+01,2.256737e+00,2.302650e+01,1.570394e+00,1.917090e+01,1.432900e+00
4.500000e+00,5.000000e+00,4.750000e+00,2.599317e+02,5.276238e+00,1.226295e+02,3.624034e+00,5.301450e+01,2.382825e+00,2.452590e+01,1.620717e+00,2.163420e+01,1.522177e+00
5.000000e+00,5.500000e+00,5.250000e+00,3.096261e+02,5.758555e+00,1.491903e+02,3.997284e+00,6.758010e+01,2.690321e+00,3.063060e+01,1.811225e+00,2.484720e+01,1.631299e+00
5.500000e+00,6.000000e+00,5.750000e+00,3.118752e+02,5.779432e+00,1.414791e+02,3.892610e+00,6.618780e+01,2.662464e+00,2.977380e+01,1.785714e+00,2.516850e+01,1.641812e+00
6.000000e+00,6.500000e+00,6.250000e+00,3.106971e+02,5.768506e+00,1.386945e+02,3.854112e+00,6.479550e+01,2.634312e+00,2.934540e+01,1.772820e+00,2.538270e+01,1.648784e+00
6.500000e+00,7.000000e+00,6.750000e+00,2.671074e+02,5.348570e+00,1.203804e+02,3.590646e+00,5.601330e+01,2.449291e+00,2.431170e+01,1.613624e+00,1.949220e+01,1.444858e+00
7.000000e+00,7.500000e+00,7.250000e+00,2.559690e+02,5.235865e+00,1.023876e+02,3.311452e+00,5.183640e+01,2.356200e+00,2.291940e+01,1.566738e+00,1.959930e+01,1.448822e+00
7.500000e+00,8.000000e+00,7.750000e+00,2.155923e+02,4.805199e+00,9.778230e+01,3.236122e+00,5.654880e+01,2.460971e+00,2.431170e+01,1.613624e+00,2.099160e+01,1.499400e+00
8.000000e+00,8.500000e+00,8.250000e+00,1.906380e+02,4.518554e+00,7.689780e+01,2.869800e+00,4.176900e+01,2.115056e+00,1.917090e+01,1.432900e+00,1.606500e+01,1.311702e+00
8.500000e+00,9.000000e+00,8.750000e+00,1.593648e+02,4.131340e+00,7.047180e+01,2.747277e+00,3.716370e+01,1.995052e+00,1.670760e+01,1.337679e+00,1.381590e+01,1.216422e+00
9.000000e+00,9.500000e+00,9.250000e+00,1.495116e+02,4.001586e+00,5.901210e+01,2.514000e+00,3.191580e+01,1.848833e+00,1.445850e+01,1.244390e+00,1.220940e+01,1.143515e+00
9.500000e+00,1.000000e+01,9.750000e+00,1.204875e+02,3.592243e+00,4.905180e+01,2.292040e+00,2.752470e+01,1.716944e+00,1.156680e+01,1.113016e+00,9.424800e+00,1.004687e+00
1.000000e+01,1.050000e+01,1.025000e+01,1.059219e+02,3.368120e+00,4.680270e+01,2.238877e+00,2.731050e+01,1.710250e+00,1.124550e+01,1.097448e+00,1.017450e+01,1.043882e+00
1.050000e+01,1.100000e+01,1.075000e+01,9.092790e+01,3.120637e+00,3.930570e+01,2.051741e+00,2.013480e+01,1.468481e+00,9.960300e+00,1.032835e+00,7.604100e+00,9.024406e-01
1.100000e+01,1.150000e+01,1.125000e+01,7.229250e+01,2.782540e+00,3.009510e+01,1.795323e+00,1.702890e+01,1.350480e+00,8.460900e+00,9.519256e-01,6.104700e+00,8.085873e-01
1.150000e+01,1.200000e+01,1.175000e+01,6.361740e+01,2.610254e+00,2.763180e+01,1.720281e+00,1.574370e+01,1.298518e+00,6.854400e+00,8.568000e-01,5.783400e+00,7.870211e-01
1.200000e+01,1.250000e+01,1.225000e+01,5.290740e+01,2.380416e+00,2.249100e+01,1.552026e+00,1.306620e+01,1.182958e+00,5.569200e+00,7.723091e-01,4.926600e+00,7.263875e-01
1.250000e+01,1.300000e+01,1.275000e+01,5.076540e+01,2.331732e+00,1.756440e+01,1.371549e+00,1.017450e+01,1.043882e+00,3.641400e+00,6.244949e-01,2.998800e+00,5.667199e-01
1.300000e+01,1.350000e+01,1.325000e+01,3.930570e+01,2.051741e+00,1.488690e+01,1.262690e+00,8.782200e+00,9.698317e-01,3.105900e+00,5.767512e-01,2.463300e+00,5.136336e-01
1.350000e+01,1.400000e+01,1.375000e+01,3.523590e+01,1.942618e+00,1.242360e+01,1.153502e+00,7.604100e+00,9.024406e-01,3.962700e+00,6.514639e-01,2.891700e+00,5.565079e-01
1.400000e+01,1.450000e+01,1.425000e+01,3.223710e+01,1.858116e+00,1.178100e+01,1.123274e+00,7.175700e+00,8.766513e-01,3.105900e+00,5.767512e-01,2.463300e+00,5.136336e-01
1.450000e+01,1.500000e+01,1.475000e+01,3.170160e+01,1.842618e+00,1.274490e+01,1.168323e+00,7.925400e+00,9.213090e-01,3.748500e+00,6.336121e-01,3.320100e+00,5.963076e-01
1.500000e+01,1.550000e+01,1.525000e+01,2.666790e+01,1.690009e+00,9.746100e+00,1.021669e+00,5.569200e+00,7.723091e-01,2.356200e+00,5.023435e-01,2.142000e+00,4.789658e-01
1.550000e+01,1.600000e+01,1.575000e+01,2.259810e+01,1.555717e+00,9.531900e+00,1.010379e+00,5.890500e+00,7.942749e-01,2.463300e+00,5.136336e-01,2.034900e+00,4.668381e-01
1.600000e+01,1.650000e+01,1.625000e+01,2.356200e+01,1.588550e+00,6.104700e+00,8.085873e-01,3.213000e+00,5.866109e-01,1.713600e+00,4.284000e-01,1.285200e+00,3.710053e-01
1.650000e+01,1.700000e+01,1.675000e+01,1.756440e+01,1.371549e+00,6.747300e+00,8.500799e-01,4.498200e+00,6.940873e-01,2.034900e+00,4.668381e-01,1.820700e+00,4.415846e-01
1.700000e+01,1.750000e+01,1.725000e+01,1.328040e+01,1.192615e+00,5.997600e+00,8.014630e-01,2.891700e+00,5.565079e-01,1.606500e+00,4.147965e-01,1.178100e+00,3.552105e-01
1.750000e+01,1.800000e+01,1.775000e+01,1.317330e+01,1.187796e+00,5.247900e+00,7.497000e-01,2.998800e+00,5.667199e-01,2.142000e+00,4.789658e-01,1.820700e+00,4.415846e-01
1.800000e+01,1.850000e+01,1.825000e+01,1.081710e+01,1.076342e+00,3.748500e+00,6.336121e-01,2.356200e+00,5.023435e-01,1.285200e+00,3.710053e-01,8.568000e-01,3.029245e-01
1.850000e+01,1.900000e+01,1.875000e+01,1.113840e+01,1.092210e+00,3.855600e+00,6.426000e-01,2.142000e+00,4.789658e-01,5.355000e-01,2.394829e-01,4.284000e-01,2.142000e-01
1.900000e+01,1.950000e+01,1.925000e+01,1.017450e+01,1.043882e+00,4.391100e+00,6.857746e-01,3.320100e+00,5.963076e-01,1.713600e+00,4.284000e-01,1.499400e+00,4.007315e-01
1.950000e+01,2.000000e+01,1.975000e+01,9.103500e+00,9.874132e-01,3.427200e+00,6.058491e-01,1.927800e+00,4.543868e-01,9.639000e-01,3.213000e-01,7.497000e-01,2.833600e-01
2.000000e+01,2.050000e+01,2.025000e+01,8.353800e+00,9.458816e-01,3.427200e+00,6.058491e-01,2.142000e+00,4.789658e-01,1.499400e+00,4.007315e-01,1.071000e+00,3.386799e-01
2.050000e+01,2.100000e+01,2.075000e+01,6.426000e+00,8.295930e-01,2.677500e+00,5.355000e-01,1.071000e+00,3.386799e-01,4.284000e-01,2.142000e-01,1.071000e-01,1.071000e-01
2.100000e+01,2.150000e+01,2.125000e+01,5.997600e+00,8.014630e-01,2.356200e+00,5.023435e-01,9.639000e-01,3.213000e-01,8.568000e-01,3.029245e-01,5.355000e-01,2.394829e-01
2.150000e+01,2.200000e+01,2.175000e+01,5.890500e+00,7.942749e-01,2.570400e+00,5.246807e-01,1.499400e+00,4.007315e-01,1.071000e+00,3.386799e-01,5.355000e-01,2.394829e-01
2.200000e+01,2.250000e+01,2.225000e+01,6.426000e+00,8.295930e-01,2.570400e+00,5.246807e-01,1.606500e+00,4.147965e-01,1.178100e+00,3.552105e-01,1.071000e+00,3.386799e-01
2.250000e+01,2.300000e+01,2.275000e+01,4.391100e+00,6.857746e-01,1.606500e+00,4.147965e-01,1.071000e+00,3.386799e-01,6.426000e-01,2.623404e-01,6.426000e-01,2.623404e-01
2.300000e+01,2.350000e+01,2.325000e+01,6.961500e+00,8.634678e-01,1.820700e+00,4.415846e-01,1.285200e+00,3.710053e-01,4.284000e-01,2.142000e-01,3.213000e-01,1.855026e-01
2.350000e+01,2.400000e+01,2.375000e+01,5.355000e+00,7.573114e-01,2.249100e+00,4.907939e-01,1.178100e+00,3.552105e-01,6.426000e-01,2.623404e-01,5.355000e-01,2.394829e-01
2.400000e+01,2.450000e+01,2.425000e+01,4.069800e+00,6.602087e-01,1.820700e+00,4.415846e-01,8.568000e-01,3.029245e-01,6.426000e-01,2.623404e-01,5.355000e-01,2.394829e-01
2.450000e+01,2.500000e+01,2.475000e+01,3.427200e+00,6.058491e-01,1.285200e+00,3.710053e-01,9.639000e-01,3.213000e-01,4.284000e-01,2.142000e-01,3.213000e-01,1.855026e-01
2.500000e+01,2.550000e+01,2.525000e+01,4.819500e+00,7.184486e-01,2.142000e+00,4.789658e-01,1.499400e+00,4.007315e-01,5.355000e-01,2.394829e-01,5.355000e-01,2.394829e-01
2.550000e+01,2.600000e+01,2.575000e+01,4.176900e+00,6.688393e-01,1.178100e+00,3.552105e-01,8.568000e-01,3.029245e-01,3.213000e-01,1.855026e-01,2.142000e-01,1.514623e-01
2.600000e+01,2.650000e+01,2.625000e+01,4.069800e+00,6.602087e-01,1.820700e+00,4.415846e-01,1.499400e+00,4.007315e-01,7.497000e-01,2.833600e-01,7.497000e-01,2.833600e-01
2.650000e+01,2.700000e+01,2.675000e+01,2.998800e+00,5.667199e-01,1.285200e+00,3.710053e-01,6.426000e-01,2.623404e-01,3.213000e-01,1.855026e-01,3.213000e-01,1.855026e-01
2.700000e+01,2.750000e+01,2.725000e+01,2.998800e+00,5.667199e-01,9.639000e-01,3.213000e-01,7.497000e-01,2.833600e-01,1.071000e-01,1.071000e-01,0.000000e+00,0.000000e+00
2.750000e+01,2.800000e+01,2.775000e+01,2.034900e+00,4.668381e-01,3.213000e-01,1.855026e-01,3.213000e-01,1.855026e-01,0.000000e+00,0.000000e+00,0.000000e+00,0.000000e+00
2.800000e+01,2.850000e+01,2.825000e+01,1.499400e+00,4.007315e-01,7.497000e-01,2.833600e-01,5.355000e-01,2.394829e-01,2.142000e-01,1.514623e-01,2.142000e-01,1.514623e-01
2.850000e+01,2.900000e+01,2.875000e+01,3.320100e+00,5.963076e-01,9.639000e-01,3.213000e-01,7.497000e-01,2.833600e-01,5.355000e-01,2.394829e-01,5.355000e-01,2.394829e-01
2.900000e+01,2.950000e+01,2.925000e+01,2.463300e+00,5.136336e-01,8.568000e-01,3.029245e-01,6.426000e-01,2.623404e-01,2.142000e-01,1.514623e-01,2.142000e-01,1.514623e-01
2.950000e+01,3.000000e+01,2.975000e+01,2.356200e+00,5.023435e-01,5.355000e-01,2.394829e-01,4.284000e-01,2.142000e-01,0.000000e+00,0.000000e+00,0.000000e+00,0.000000e+00
3.000000e+01,3.050000e+01,3.025000e+01,1.713600e+00,4.284000e-01,3.213000e-01,1.855026e-01,3.213000e-01,1.855026e-01,1.071000e-01,1.071000e-01,1.071000e-01,1.071000e-01
3.050000e+01,3.100000e+01,3.075000e+01,2.249100e+00,4.907939e-01,7.497000e-01,2.833600e-01,6.426000e-01,2.623404e-01,3.213000e-01,1.855026e-01,3.213000e-01,1.855026e-01
3.100000e+01,3.150000e+01,3.125000e+01,1.713600e+00,4.284000e-01,8.568000e-01,3.029245e-01,6.426000e-01,2.623404e-01,3.213000e-01,1.855026e-01,2.142000e-01,1.514623e-01
3.150000e+01,3.200000e+01,3.175000e+01,1.071000e-01,1.071000e-01,0.000000e+00,0.000000e+00,0.000000e+00,0.000000e+00,0.000000e+00,0.000000e+00,0.000000e+00,0.000000e+00
3.200000e+01,3.250000e+01,3.225000e+01,0.000000e+00,0.000000e+00,0.000000e+00,0.000000e+00,0.000000e+00,0.000000e+00,0.000000e+00,0.000000e+00,0.000000e+00,0.000000e+00
3.250000e+01,3.300000e+01,3.275000e+01,0.000000e+00,0.000000e+00,0.000000e+00,0.000000e+00,0.000000e+00,0.000000e+00,0.000000e+00,0.000000e+00,0.000000e+00,0.000000e+00
3.300000e+01,3.350000e+01,3.325000e+01,0.000000e+00,0.000000e+00,0.000000e+00,0.000000e+00,0.000000e+00,0.000000e+00,0.000000e+00,0.000000e+00,0.000000e+00,0.000000e+00
3.350000e+01,3.400000e+01,3.375000e+01,0.000000e+00,0.000000e+00,0.000000e+00,0.000000e+00,0.000000e+00,0.000000e+00,0.000000e+00,0.000000e+00,0.000000e+00,0.000000e+00
3.400000e+01,3.450000e+01,3.425000e+01,0.000000e+00,0.000000e+00,0.000000e+00,0.000000e+00,0.000000e+00,0.000000e+00,0.000000e+00,0.000000e+00,0.000000e+00,0.000000e+00
3.450000e+01,3.500000e+01,3.475000e+01,0.000000e+00,0.000000e+00,0.000000e+00,0.000000e+00,0.000000e+00,0.000000e+00,0.000000e+00,0.000000e+00,0.000000e+00,0.000000e+00
3.500000e+01,3.550000e+01,3.525000e+01,0.000000e+00,0.000000e+00,0.000000e+00,0.000000e+00,0.000000e+00,0.000000e+00,0.000000e+00,0.000000e+00,0.000000e+00,0.000000e+00
3.550000e+01,3.600000e+01,3.575000e+01,0.000000e+00,0.000000e+00,0.000000e+00,0.000000e+00,0.000000e+00,0.000000e+00,0.000000e+00,0.000000e+00,0.000000e+00,0.000000e+00
3.600000e+01,3.650000e+01,3.625000e+01,0.000000e+00,0.000000e+00,0.000000e+00,0.000000e+00,0.000000e+00,0.000000e+00,0.000000e+00,0.000000e+00,0.000000e+00,0.000000e+00
3.650000e+01,3.700000e+01,3.675000e+01,0.000000e+00,0.000000e+00,0.000000e+00,0.000000e+00,0.000000e+00,0.000000e+00,0.000000e+00,0.000000e+00,0.000000e+00,0.000000e+00
3.700000e+01,3.750000e+01,3.725000e+01,0.000000e+00,0.000000e+00,0.000000e+00,0.000000e+00,0.000000e+00,0.000000e+00,0.000000e+00,0.000000e+00,0.000000e+00,0.000000e+00
3.750000e+01,3.800000e+01,3.775000e+01,0.000000e+00,0.000000e+00,0.000000e+00,0.000000e+00,0.000000e+00,0.000000e+00,0.000000e+00,0.000000e+00,0.000000e+00,0.000000e+00
3.800000e+01,3.850000e+01,3.825000e+01,0.000000e+00,0.000000e+00,0.000000e+00,0.000000e+00,0.000000e+00,0.000000e+00,0.000000e+00,0.000000e+00,0.000000e+00,0.000000e+00
3.850000e+01,3.900000e+01,3.875000e+01,0.000000e+00,0.000000e+00,0.000000e+00,0.000000e+00,0.000000e+00,0.000000e+00,0.000000e+00,0.000000e+00,0.000000e+00,0.000000e+00
3.900000e+01,3.950000e+01,3.925000e+01,0.000000e+00,0.000000e+00,0.000000e+00,0.000000e+00,0.000000e+00,0.000000e+00,0.000000e+00,0.000000e+00,0.000000e+00,0.000000e+00
3.950000e+01,4.000000e+01,3.975000e+01,0.000000e+00,0.000000e+00,0.000000e+00,0.000000e+00,0.000000e+00,0.000000e+00,0.000000e+00,0.000000e+00,0.000000e+00,0.000000e+00
