# thermal-gate sim rates vs arrival time by capture source, per pulse per ms, 4 walls, 0.5 MIP, plastic@2.0cm. n_events=80000000 n_pulse=4.2840e+06
quantity,t_lo_ms,t_hi_ms,t_mid_ms,Al capsule,Capsule CFRP,LS + vessel,Back plastic,SiPM scint,Gas/other,total
sipm,1.0000e+00,1.5000e+00,1.2500e+00,5.7727e+01,2.1420e-01,1.0924e+01,1.1031e+01,3.2130e+00,5.7834e+00,8.8893e+01
sipm,1.5000e+00,2.0000e+00,1.7500e+00,5.3764e+01,2.1420e-01,5.2479e+00,8.2467e+00,2.2491e+00,7.0686e+00,7.6791e+01
sipm,2.0000e+00,2.5000e+00,2.2500e+00,5.3122e+01,7.4970e-01,6.7473e+00,6.8544e+00,2.1420e+00,5.1408e+00,7.4756e+01
sipm,2.5000e+00,3.0000e+00,2.7500e+00,5.9762e+01,3.2130e-01,4.7124e+00,6.1047e+00,2.8917e+00,4.7124e+00,7.8504e+01
sipm,3.0000e+00,3.5000e+00,3.2500e+00,6.7259e+01,6.4260e-01,4.9266e+00,7.6041e+00,3.8556e+00,5.8905e+00,9.0178e+01
sipm,3.5000e+00,4.0000e+00,3.7500e+00,1.0421e+02,1.3923e+00,1.0389e+01,1.0175e+01,3.1059e+00,9.6390e+00,1.3891e+02
sipm,4.0000e+00,4.5000e+00,4.2500e+00,1.4919e+02,2.2491e+00,1.1567e+01,1.5851e+01,5.2479e+00,1.6065e+01,2.0017e+02
sipm,4.5000e+00,5.0000e+00,4.7500e+00,2.0242e+02,2.9988e+00,1.1460e+01,1.6386e+01,7.4970e+00,1.9171e+01,2.5993e+02
sipm,5.0000e+00,5.5000e+00,5.2500e+00,2.3508e+02,3.4272e+00,1.5208e+01,2.0563e+01,8.4609e+00,2.6882e+01,3.0963e+02
sipm,5.5000e+00,6.0000e+00,5.7500e+00,2.4365e+02,3.3201e+00,1.2102e+01,1.7564e+01,1.1031e+01,2.4205e+01,3.1188e+02
sipm,6.0000e+00,6.5000e+00,6.2500e+00,2.4226e+02,4.2840e+00,1.1674e+01,1.8314e+01,1.0389e+01,2.3776e+01,3.1070e+02
sipm,6.5000e+00,7.0000e+00,6.7500e+00,2.1056e+02,3.3201e+00,9.6390e+00,1.2531e+01,9.7461e+00,2.1313e+01,2.6711e+02
sipm,7.0000e+00,7.5000e+00,7.2500e+00,2.0424e+02,2.8917e+00,1.0175e+01,1.3602e+01,7.3899e+00,1.7672e+01,2.5597e+02
sipm,7.5000e+00,8.0000e+00,7.7500e+00,1.7672e+02,2.3562e+00,4.7124e+00,1.0067e+01,6.2118e+00,1.5530e+01,2.1559e+02
sipm,8.0000e+00,8.5000e+00,8.2500e+00,1.5787e+02,1.8207e+00,5.0337e+00,9.8532e+00,5.0337e+00,1.1031e+01,1.9064e+02
sipm,8.5000e+00,9.0000e+00,8.7500e+00,1.3334e+02,1.0710e+00,5.0337e+00,4.6053e+00,4.4982e+00,1.0817e+01,1.5936e+02
sipm,9.0000e+00,9.5000e+00,9.2500e+00,1.2209e+02,1.4994e+00,3.2130e+00,7.4970e+00,3.7485e+00,1.1460e+01,1.4951e+02
sipm,9.5000e+00,1.0000e+01,9.7500e+00,1.0067e+02,6.4260e-01,2.8917e+00,5.0337e+00,3.4272e+00,7.8183e+00,1.2049e+02
sipm,1.0000e+01,1.0500e+01,1.0250e+01,8.7608e+01,1.2852e+00,3.3201e+00,3.2130e+00,2.5704e+00,7.9254e+00,1.0592e+02
sipm,1.0500e+01,1.1000e+01,1.0750e+01,7.8290e+01,4.2840e-01,2.1420e+00,2.8917e+00,2.1420e+00,5.0337e+00,9.0928e+01
sipm,1.1000e+01,1.1500e+01,1.1250e+01,6.0833e+01,4.2840e-01,1.6065e+00,2.4633e+00,2.0349e+00,4.9266e+00,7.2292e+01
sipm,1.1500e+01,1.2000e+01,1.1750e+01,5.3443e+01,8.5680e-01,1.6065e+00,2.0349e+00,2.1420e+00,3.5343e+00,6.3617e+01
sipm,1.2000e+01,1.2500e+01,1.2250e+01,4.6696e+01,6.4260e-01,1.1781e+00,1.9278e+00,1.1781e+00,1.2852e+00,5.2907e+01
sipm,1.2500e+01,1.3000e+01,1.2750e+01,4.3697e+01,5.3550e-01,4.2840e-01,1.4994e+00,1.3923e+00,3.2130e+00,5.0765e+01
sipm,1.3000e+01,1.3500e+01,1.3250e+01,3.3415e+01,5.3550e-01,9.6390e-01,1.2852e+00,4.2840e-01,2.6775e+00,3.9306e+01
sipm,1.3500e+01,1.4000e+01,1.3750e+01,3.0631e+01,3.2130e-01,4.2840e-01,1.1781e+00,8.5680e-01,1.8207e+00,3.5236e+01
sipm,1.4000e+01,1.4500e+01,1.4250e+01,2.9131e+01,1.0710e-01,1.0710e-01,3.2130e-01,4.2840e-01,2.1420e+00,3.2237e+01
sipm,1.4500e+01,1.5000e+01,1.4750e+01,2.6454e+01,6.4260e-01,8.5680e-01,1.2852e+00,8.5680e-01,1.6065e+00,3.1702e+01
sipm,1.5000e+01,1.5500e+01,1.5250e+01,2.3348e+01,1.0710e-01,4.2840e-01,6.4260e-01,2.1420e-01,1.9278e+00,2.6668e+01
sipm,1.5500e+01,1.6000e+01,1.5750e+01,1.9385e+01,4.2840e-01,4.2840e-01,3.2130e-01,4.2840e-01,1.6065e+00,2.2598e+01
sipm,1.6000e+01,1.6500e+01,1.6250e+01,2.0563e+01,1.0710e-01,4.2840e-01,6.4260e-01,2.1420e-01,1.6065e+00,2.3562e+01
sipm,1.6500e+01,1.7000e+01,1.6750e+01,1.5101e+01,1.0710e-01,3.2130e-01,7.4970e-01,3.2130e-01,9.6390e-01,1.7564e+01
sipm,1.7000e+01,1.7500e+01,1.7250e+01,1.1245e+01,2.1420e-01,2.1420e-01,3.2130e-01,3.2130e-01,9.6390e-01,1.3280e+01
sipm,1.7500e+01,1.8000e+01,1.7750e+01,1.1888e+01,1.0710e-01,0.0000e+00,1.0710e-01,1.0710e-01,9.6390e-01,1.3173e+01
sipm,1.8000e+01,1.8500e+01,1.8250e+01,9.5319e+00,2.1420e-01,2.1420e-01,1.0710e-01,3.2130e-01,4.2840e-01,1.0817e+01
sipm,1.8500e+01,1.9000e+01,1.8750e+01,1.0175e+01,1.0710e-01,0.0000e+00,1.0710e-01,0.0000e+00,7.4970e-01,1.1138e+01
sipm,1.9000e+01,1.9500e+01,1.9250e+01,8.4609e+00,1.0710e-01,3.2130e-01,2.1420e-01,3.2130e-01,7.4970e-01,1.0175e+01
sipm,1.9500e+01,2.0000e+01,1.9750e+01,8.2467e+00,1.0710e-01,1.0710e-01,0.0000e+00,1.0710e-01,5.3550e-01,9.1035e+00
sipm,2.0000e+01,2.0500e+01,2.0250e+01,7.3899e+00,1.0710e-01,1.0710e-01,0.0000e+00,3.2130e-01,4.2840e-01,8.3538e+00
sipm,2.0500e+01,2.1000e+01,2.0750e+01,5.5692e+00,1.0710e-01,0.0000e+00,2.1420e-01,3.2130e-01,2.1420e-01,6.4260e+00
sipm,2.1000e+01,2.1500e+01,2.1250e+01,5.0337e+00,2.1420e-01,0.0000e+00,2.1420e-01,1.0710e-01,4.2840e-01,5.9976e+00
sipm,2.1500e+01,2.2000e+01,2.1750e+01,5.5692e+00,0.0000e+00,0.0000e+00,0.0000e+00,2.1420e-01,1.0710e-01,5.8905e+00
sipm,2.2000e+01,2.2500e+01,2.2250e+01,5.3550e+00,2.1420e-01,0.0000e+00,1.0710e-01,1.0710e-01,6.4260e-01,6.4260e+00
sipm,2.2500e+01,2.3000e+01,2.2750e+01,3.8556e+00,0.0000e+00,1.0710e-01,2.1420e-01,0.0000e+00,2.1420e-01,4.3911e+00
sipm,2.3000e+01,2.3500e+01,2.3250e+01,6.1047e+00,1.0710e-01,3.2130e-01,1.0710e-01,0.0000e+00,3.2130e-01,6.9615e+00
sipm,2.3500e+01,2.4000e+01,2.3750e+01,4.8195e+00,0.0000e+00,0.0000e+00,0.0000e+00,3.2130e-01,2.1420e-01,5.3550e+00
sipm,2.4000e+01,2.4500e+01,2.4250e+01,3.6414e+00,0.0000e+00,0.0000e+00,0.0000e+00,0.0000e+00,4.2840e-01,4.0698e+00
sipm,2.4500e+01,2.5000e+01,2.4750e+01,3.2130e+00,0.0000e+00,0.0000e+00,1.0710e-01,0.0000e+00,1.0710e-01,3.4272e+00
sipm,2.5000e+01,2.5500e+01,2.5250e+01,4.2840e+00,0.0000e+00,0.0000e+00,1.0710e-01,1.0710e-01,3.2130e-01,4.8195e+00
sipm,2.5500e+01,2.6000e+01,2.5750e+01,3.4272e+00,1.0710e-01,1.0710e-01,2.1420e-01,0.0000e+00,3.2130e-01,4.1769e+00
sipm,2.6000e+01,2.6500e+01,2.6250e+01,3.6414e+00,0.0000e+00,1.0710e-01,0.0000e+00,1.0710e-01,2.1420e-01,4.0698e+00
sipm,2.6500e+01,2.7000e+01,2.6750e+01,2.6775e+00,0.0000e+00,1.0710e-01,0.0000e+00,0.0000e+00,2.1420e-01,2.9988e+00
sipm,2.7000e+01,2.7500e+01,2.7250e+01,2.6775e+00,0.0000e+00,0.0000e+00,0.0000e+00,0.0000e+00,3.2130e-01,2.9988e+00
sipm,2.7500e+01,2.8000e+01,2.7750e+01,1.8207e+00,0.0000e+00,0.0000e+00,2.1420e-01,0.0000e+00,0.0000e+00,2.0349e+00
sipm,2.8000e+01,2.8500e+01,2.8250e+01,1.3923e+00,0.0000e+00,0.0000e+00,0.0000e+00,1.0710e-01,0.0000e+00,1.4994e+00
sipm,2.8500e+01,2.9000e+01,2.8750e+01,3.2130e+00,0.0000e+00,0.0000e+00,0.0000e+00,0.0000e+00,1.0710e-01,3.3201e+00
sipm,2.9000e+01,2.9500e+01,2.9250e+01,2.3562e+00,0.0000e+00,1.0710e-01,0.0000e+00,0.0000e+00,0.0000e+00,2.4633e+00
sipm,2.9500e+01,3.0000e+01,2.9750e+01,2.1420e+00,0.0000e+00,0.0000e+00,0.0000e+00,1.0710e-01,1.0710e-01,2.3562e+00
sipm,3.0000e+01,3.0500e+01,3.0250e+01,1.7136e+00,0.0000e+00,0.0000e+00,0.0000e+00,0.0000e+00,0.0000e+00,1.7136e+00
sipm,3.0500e+01,3.1000e+01,3.0750e+01,2.1420e+00,0.0000e+00,0.0000e+00,0.0000e+00,0.0000e+00,1.0710e-01,2.2491e+00
sipm,3.1000e+01,3.1500e+01,3.1250e+01,1.6065e+00,0.0000e+00,0.0000e+00,0.0000e+00,0.0000e+00,1.0710e-01,1.7136e+00
sipm,3.1500e+01,3.2000e+01,3.1750e+01,1.0710e-01,0.0000e+00,0.0000e+00,0.0000e+00,0.0000e+00,0.0000e+00,1.0710e-01
sipm,3.2000e+01,3.2500e+01,3.2250e+01,0.0000e+00,0.0000e+00,0.0000e+00,0.0000e+00,0.0000e+00,0.0000e+00,0.0000e+00
sipm,3.2500e+01,3.3000e+01,3.2750e+01,0.0000e+00,0.0000e+00,0.0000e+00,0.0000e+00,0.0000e+00,0.0000e+00,0.0000e+00
sipm,3.3000e+01,3.3500e+01,3.3250e+01,0.0000e+00,0.0000e+00,0.0000e+00,0.0000e+00,0.0000e+00,0.0000e+00,0.0000e+00
sipm,3.3500e+01,3.4000e+01,3.3750e+01,0.0000e+00,0.0000e+00,0.0000e+00,0.0000e+00,0.0000e+00,0.0000e+00,0.0000e+00
sipm,3.4000e+01,3.4500e+01,3.4250e+01,0.0000e+00,0.0000e+00,0.0000e+00,0.0000e+00,0.0000e+00,0.0000e+00,0.0000e+00
sipm,3.4500e+01,3.5000e+01,3.4750e+01,0.0000e+00,0.0000e+00,0.0000e+00,0.0000e+00,0.0000e+00,0.0000e+00,0.0000e+00
sipm,3.5000e+01,3.5500e+01,3.5250e+01,0.0000e+00,0.0000e+00,0.0000e+00,0.0000e+00,0.0000e+00,0.0000e+00,0.0000e+00
sipm,3.5500e+01,3.6000e+01,3.5750e+01,0.0000e+00,0.0000e+00,0.0000e+00,0.0000e+00,0.0000e+00,0.0000e+00,0.0000e+00
sipm,3.6000e+01,3.6500e+01,3.6250e+01,0.0000e+00,0.0000e+00,0.0000e+00,0.0000e+00,0.0000e+00,0.0000e+00,0.0000e+00
sipm,3.6500e+01,3.7000e+01,3.6750e+01,0.0000e+00,0.0000e+00,0.0000e+00,0.0000e+00,0.0000e+00,0.0000e+00,0.0000e+00
sipm,3.7000e+01,3.7500e+01,3.7250e+01,0.0000e+00,0.0000e+00,0.0000e+00,0.0000e+00,0.0000e+00,0.0000e+00,0.0000e+00
sipm,3.7500e+01,3.8000e+01,3.7750e+01,0.0000e+00,0.0000e+00,0.0000e+00,0.0000e+00,0.0000e+00,0.0000e+00,0.0000e+00
sipm,3.8000e+01,3.8500e+01,3.8250e+01,0.0000e+00,0.0000e+00,0.0000e+00,0.0000e+00,0.0000e+00,0.0000e+00,0.0000e+00
sipm,3.8500e+01,3.9000e+01,3.8750e+01,0.0000e+00,0.0000e+00,0.0000e+00,0.0000e+00,0.0000e+00,0.0000e+00,0.0000e+00
sipm,3.9000e+01,3.9500e+01,3.9250e+01,0.0000e+00,0.0000e+00,0.0000e+00,0.0000e+00,0.0000e+00,0.0000e+00,0.0000e+00
sipm,3.9500e+01,4.0000e+01,3.9750e+01,0.0000e+00,0.0000e+00,0.0000e+00,0.0000e+00,0.0000e+00,0.0000e+00,0.0000e+00
plas,1.0000e+00,1.5000e+00,1.2500e+00,1.9814e+01,0.0000e+00,1.4566e+01,2.4740e+01,9.6390e-01,1.2852e+00,6.1368e+01
plas,1.5000e+00,2.0000e+00,1.7500e+00,1.8528e+01,1.0710e-01,7.6041e+00,1.9599e+01,8.5680e-01,6.4260e-01,4.7338e+01
plas,2.0000e+00,2.5000e+00,2.2500e+00,1.9814e+01,1.0710e-01,7.6041e+00,1.7886e+01,8.5680e-01,1.0710e+00,4.7338e+01
plas,2.5000e+00,3.0000e+00,2.7500e+00,2.1741e+01,3.2130e-01,5.7834e+00,1.5101e+01,4.2840e-01,6.4260e-01,4.4018e+01
plas,3.0000e+00,3.5000e+00,3.2500e+00,2.4098e+01,4.2840e-01,5.6763e+00,1.6065e+01,6.4260e-01,8.5680e-01,4.7767e+01
plas,3.5000e+00,4.0000e+00,3.7500e+00,3.5557e+01,6.4260e-01,8.7822e+00,2.2598e+01,1.6065e+00,2.4633e+00,7.1650e+01
plas,4.0000e+00,4.5000e+00,4.2500e+00,5.3764e+01,7.4970e-01,1.2531e+01,3.3951e+01,1.8207e+00,3.6414e+00,1.0646e+02
plas,4.5000e+00,5.0000e+00,4.7500e+00,6.1047e+01,9.6390e-01,1.2959e+01,4.1662e+01,2.6775e+00,3.3201e+00,1.2263e+02
plas,5.0000e+00,5.5000e+00,5.2500e+00,7.7540e+01,1.4994e+00,1.5315e+01,4.6696e+01,2.8917e+00,5.2479e+00,1.4919e+02
plas,5.5000e+00,6.0000e+00,5.7500e+00,7.6898e+01,1.7136e+00,1.4887e+01,4.1876e+01,2.6775e+00,3.4272e+00,1.4148e+02
plas,6.0000e+00,6.5000e+00,6.2500e+00,7.3685e+01,1.7136e+00,1.3280e+01,4.1233e+01,3.7485e+00,5.0337e+00,1.3869e+02
plas,6.5000e+00,7.0000e+00,6.7500e+00,6.5545e+01,1.2852e+00,9.9603e+00,3.6842e+01,3.2130e+00,3.5343e+00,1.2038e+02
plas,7.0000e+00,7.5000e+00,7.2500e+00,5.9869e+01,1.2852e+00,9.5319e+00,2.7632e+01,1.8207e+00,2.2491e+00,1.0239e+02
plas,7.5000e+00,8.0000e+00,7.7500e+00,6.5438e+01,9.6390e-01,6.9615e+00,2.0242e+01,1.8207e+00,2.3562e+00,9.7782e+01
plas,8.0000e+00,8.5000e+00,8.2500e+00,4.9052e+01,5.3550e-01,5.7834e+00,1.7672e+01,1.0710e+00,2.7846e+00,7.6898e+01
plas,8.5000e+00,9.0000e+00,8.7500e+00,4.3590e+01,1.4994e+00,6.5331e+00,1.5851e+01,1.0710e+00,1.9278e+00,7.0472e+01
plas,9.0000e+00,9.5000e+00,9.2500e+00,3.6842e+01,1.1781e+00,4.4982e+00,1.3709e+01,1.3923e+00,1.3923e+00,5.9012e+01
plas,9.5000e+00,1.0000e+01,9.7500e+00,3.3844e+01,5.3550e-01,2.2491e+00,9.9603e+00,9.6390e-01,1.4994e+00,4.9052e+01
plas,1.0000e+01,1.0500e+01,1.0250e+01,3.1273e+01,5.3550e-01,2.6775e+00,1.0282e+01,8.5680e-01,1.1781e+00,4.6803e+01
plas,1.0500e+01,1.1000e+01,1.0750e+01,2.5490e+01,3.2130e-01,2.6775e+00,9.3177e+00,7.4970e-01,7.4970e-01,3.9306e+01
plas,1.1000e+01,1.1500e+01,1.1250e+01,2.0456e+01,1.0710e-01,2.1420e+00,5.9976e+00,7.4970e-01,6.4260e-01,3.0095e+01
plas,1.1500e+01,1.2000e+01,1.1750e+01,1.9064e+01,5.3550e-01,2.1420e+00,4.9266e+00,4.2840e-01,5.3550e-01,2.7632e+01
plas,1.2000e+01,1.2500e+01,1.2250e+01,1.5851e+01,5.3550e-01,1.7136e+00,3.7485e+00,5.3550e-01,1.0710e-01,2.2491e+01
plas,1.2500e+01,1.3000e+01,1.2750e+01,1.2852e+01,0.0000e+00,7.4970e-01,3.2130e+00,1.0710e-01,6.4260e-01,1.7564e+01
plas,1.3000e+01,1.3500e+01,1.3250e+01,1.0817e+01,1.0710e-01,8.5680e-01,2.7846e+00,1.0710e-01,2.1420e-01,1.4887e+01
plas,1.3500e+01,1.4000e+01,1.3750e+01,8.9964e+00,0.0000e+00,9.6390e-01,1.9278e+00,3.2130e-01,2.1420e-01,1.2424e+01
plas,1.4000e+01,1.4500e+01,1.4250e+01,8.2467e+00,0.0000e+00,5.3550e-01,2.1420e+00,4.2840e-01,4.2840e-01,1.1781e+01
plas,1.4500e+01,1.5000e+01,1.4750e+01,9.5319e+00,3.2130e-01,9.6390e-01,1.4994e+00,2.1420e-01,2.1420e-01,1.2745e+01
plas,1.5000e+01,1.5500e+01,1.5250e+01,6.7473e+00,2.1420e-01,3.2130e-01,2.0349e+00,2.1420e-01,2.1420e-01,9.7461e+00
plas,1.5500e+01,1.6000e+01,1.5750e+01,7.8183e+00,3.2130e-01,2.1420e-01,8.5680e-01,1.0710e-01,2.1420e-01,9.5319e+00
plas,1.6000e+01,1.6500e+01,1.6250e+01,4.2840e+00,0.0000e+00,0.0000e+00,1.6065e+00,2.1420e-01,0.0000e+00,6.1047e+00
plas,1.6500e+01,1.7000e+01,1.6750e+01,5.3550e+00,0.0000e+00,4.2840e-01,7.4970e-01,0.0000e+00,2.1420e-01,6.7473e+00
plas,1.7000e+01,1.7500e+01,1.7250e+01,4.0698e+00,0.0000e+00,2.1420e-01,1.2852e+00,2.1420e-01,2.1420e-01,5.9976e+00
plas,1.7500e+01,1.8000e+01,1.7750e+01,3.6414e+00,0.0000e+00,4.2840e-01,1.1781e+00,0.0000e+00,0.0000e+00,5.2479e+00
plas,1.8000e+01,1.8500e+01,1.8250e+01,3.2130e+00,0.0000e+00,0.0000e+00,2.1420e-01,1.0710e-01,2.1420e-01,3.7485e+00
plas,1.8500e+01,1.9000e+01,1.8750e+01,2.7846e+00,1.0710e-01,2.1420e-01,6.4260e-01,0.0000e+00,1.0710e-01,3.8556e+00
plas,1.9000e+01,1.9500e+01,1.9250e+01,3.9627e+00,0.0000e+00,2.1420e-01,1.0710e-01,0.0000e+00,1.0710e-01,4.3911e+00
plas,1.9500e+01,2.0000e+01,1.9750e+01,2.5704e+00,0.0000e+00,1.0710e-01,5.3550e-01,1.0710e-01,1.0710e-01,3.4272e+00
plas,2.0000e+01,2.0500e+01,2.0250e+01,2.7846e+00,0.0000e+00,0.0000e+00,3.2130e-01,1.0710e-01,2.1420e-01,3.4272e+00
plas,2.0500e+01,2.1000e+01,2.0750e+01,1.9278e+00,0.0000e+00,5.3550e-01,1.0710e-01,0.0000e+00,1.0710e-01,2.6775e+00
plas,2.1000e+01,2.1500e+01,2.1250e+01,1.6065e+00,0.0000e+00,1.0710e-01,6.4260e-01,0.0000e+00,0.0000e+00,2.3562e+00
plas,2.1500e+01,2.2000e+01,2.1750e+01,1.9278e+00,0.0000e+00,1.0710e-01,4.2840e-01,0.0000e+00,1.0710e-01,2.5704e+00
plas,2.2000e+01,2.2500e+01,2.2250e+01,1.9278e+00,0.0000e+00,1.0710e-01,4.2840e-01,0.0000e+00,1.0710e-01,2.5704e+00
plas,2.2500e+01,2.3000e+01,2.2750e+01,1.1781e+00,1.0710e-01,0.0000e+00,3.2130e-01,0.0000e+00,0.0000e+00,1.6065e+00
plas,2.3000e+01,2.3500e+01,2.3250e+01,1.4994e+00,0.0000e+00,0.0000e+00,2.1420e-01,1.0710e-01,0.0000e+00,1.8207e+00
plas,2.3500e+01,2.4000e+01,2.3750e+01,1.8207e+00,0.0000e+00,1.0710e-01,3.2130e-01,0.0000e+00,0.0000e+00,2.2491e+00
plas,2.4000e+01,2.4500e+01,2.4250e+01,1.0710e+00,0.0000e+00,0.0000e+00,5.3550e-01,2.1420e-01,0.0000e+00,1.8207e+00
plas,2.4500e+01,2.5000e+01,2.4750e+01,1.1781e+00,0.0000e+00,0.0000e+00,1.0710e-01,0.0000e+00,0.0000e+00,1.2852e+00
plas,2.5000e+01,2.5500e+01,2.5250e+01,1.9278e+00,0.0000e+00,0.0000e+00,2.1420e-01,0.0000e+00,0.0000e+00,2.1420e+00
plas,2.5500e+01,2.6000e+01,2.5750e+01,1.0710e+00,0.0000e+00,1.0710e-01,0.0000e+00,0.0000e+00,0.0000e+00,1.1781e+00
plas,2.6000e+01,2.6500e+01,2.6250e+01,1.4994e+00,0.0000e+00,0.0000e+00,3.2130e-01,0.0000e+00,0.0000e+00,1.8207e+00
plas,2.6500e+01,2.7000e+01,2.6750e+01,7.4970e-01,0.0000e+00,1.0710e-01,2.1420e-01,2.1420e-01,0.0000e+00,1.2852e+00
plas,2.7000e+01,2.7500e+01,2.7250e+01,7.4970e-01,0.0000e+00,1.0710e-01,0.0000e+00,0.0000e+00,1.0710e-01,9.6390e-01
plas,2.7500e+01,2.8000e+01,2.7750e+01,3.2130e-01,0.0000e+00,0.0000e+00,0.0000e+00,0.0000e+00,0.0000e+00,3.2130e-01
plas,2.8000e+01,2.8500e+01,2.8250e+01,5.3550e-01,0.0000e+00,0.0000e+00,2.1420e-01,0.0000e+00,0.0000e+00,7.4970e-01
plas,2.8500e+01,2.9000e+01,2.8750e+01,8.5680e-01,0.0000e+00,0.0000e+00,1.0710e-01,0.0000e+00,0.0000e+00,9.6390e-01
plas,2.9000e+01,2.9500e+01,2.9250e+01,7.4970e-01,0.0000e+00,0.0000e+00,1.0710e-01,0.0000e+00,0.0000e+00,8.5680e-01
plas,2.9500e+01,3.0000e+01,2.9750e+01,4.2840e-01,1.0710e-01,0.0000e+00,0.0000e+00,0.0000e+00,0.0000e+00,5.3550e-01
plas,3.0000e+01,3.0500e+01,3.0250e+01,3.2130e-01,0.0000e+00,0.0000e+00,0.0000e+00,0.0000e+00,0.0000e+00,3.2130e-01
plas,3.0500e+01,3.1000e+01,3.0750e+01,6.4260e-01,0.0000e+00,0.0000e+00,1.0710e-01,0.0000e+00,0.0000e+00,7.4970e-01
plas,3.1000e+01,3.1500e+01,3.1250e+01,7.4970e-01,0.0000e+00,1.0710e-01,0.0000e+00,0.0000e+00,0.0000e+00,8.5680e-01
plas,3.1500e+01,3.2000e+01,3.1750e+01,0.0000e+00,0.0000e+00,0.0000e+00,0.0000e+00,0.0000e+00,0.0000e+00,0.0000e+00
plas,3.2000e+01,3.2500e+01,3.2250e+01,0.0000e+00,0.0000e+00,0.0000e+00,0.0000e+00,0.0000e+00,0.0000e+00,0.0000e+00
plas,3.2500e+01,3.3000e+01,3.2750e+01,0.0000e+00,0.0000e+00,0.0000e+00,0.0000e+00,0.0000e+00,0.0000e+00,0.0000e+00
plas,3.3000e+01,3.3500e+01,3.3250e+01,0.0000e+00,0.0000e+00,0.0000e+00,0.0000e+00,0.0000e+00,0.0000e+00,0.0000e+00
plas,3.3500e+01,3.4000e+01,3.3750e+01,0.0000e+00,0.0000e+00,0.0000e+00,0.0000e+00,0.0000e+00,0.0000e+00,0.0000e+00
plas,3.4000e+01,3.4500e+01,3.4250e+01,0.0000e+00,0.0000e+00,0.0000e+00,0.0000e+00,0.0000e+00,0.0000e+00,0.0000e+00
plas,3.4500e+01,3.5000e+01,3.4750e+01,0.0000e+00,0.0000e+00,0.0000e+00,0.0000e+00,0.0000e+00,0.0000e+00,0.0000e+00
plas,3.5000e+01,3.5500e+01,3.5250e+01,0.0000e+00,0.0000e+00,0.0000e+00,0.0000e+00,0.0000e+00,0.0000e+00,0.0000e+00
plas,3.5500e+01,3.6000e+01,3.5750e+01,0.0000e+00,0.0000e+00,0.0000e+00,0.0000e+00,0.0000e+00,0.0000e+00,0.0000e+00
plas,3.6000e+01,3.6500e+01,3.6250e+01,0.0000e+00,0.0000e+00,0.0000e+00,0.0000e+00,0.0000e+00,0.0000e+00,0.0000e+00
plas,3.6500e+01,3.7000e+01,3.6750e+01,0.0000e+00,0.0000e+00,0.0000e+00,0.0000e+00,0.0000e+00,0.0000e+00,0.0000e+00
plas,3.7000e+01,3.7500e+01,3.7250e+01,0.0000e+00,0.0000e+00,0.0000e+00,0.0000e+00,0.0000e+00,0.0000e+00,0.0000e+00
plas,3.7500e+01,3.8000e+01,3.7750e+01,0.0000e+00,0.0000e+00,0.0000e+00,0.0000e+00,0.0000e+00,0.0000e+00,0.0000e+00
plas,3.8000e+01,3.8500e+01,3.8250e+01,0.0000e+00,0.0000e+00,0.0000e+00,0.0000e+00,0.0000e+00,0.0000e+00,0.0000e+00
plas,3.8500e+01,3.9000e+01,3.8750e+01,0.0000e+00,0.0000e+00,0.0000e+00,0.0000e+00,0.0000e+00,0.0000e+00,0.0000e+00
plas,3.9000e+01,3.9500e+01,3.9250e+01,0.0000e+00,0.0000e+00,0.0000e+00,0.0000e+00,0.0000e+00,0.0000e+00,0.0000e+00
plas,3.9500e+01,4.0000e+01,3.9750e+01,0.0000e+00,0.0000e+00,0.0000e+00,0.0000e+00,0.0000e+00,0.0000e+00,0.0000e+00
leg,1.0000e+00,1.5000e+00,1.2500e+00,7.6041e+00,0.0000e+00,0.0000e+00,0.0000e+00,0.0000e+00,2.1420e-01,7.8183e+00
leg,1.5000e+00,2.0000e+00,1.7500e+00,6.5331e+00,0.0000e+00,0.0000e+00,1.0710e-01,0.0000e+00,2.1420e-01,6.8544e+00
leg,2.0000e+00,2.5000e+00,2.2500e+00,6.7473e+00,0.0000e+00,0.0000e+00,1.0710e-01,0.0000e+00,3.2130e-01,7.1757e+00
leg,2.5000e+00,3.0000e+00,2.7500e+00,8.1396e+00,0.0000e+00,0.0000e+00,0.0000e+00,0.0000e+00,0.0000e+00,8.1396e+00
leg,3.0000e+00,3.5000e+00,3.2500e+00,8.1396e+00,0.0000e+00,0.0000e+00,0.0000e+00,0.0000e+00,0.0000e+00,8.1396e+00
leg,3.5000e+00,4.0000e+00,3.7500e+00,1.3495e+01,0.0000e+00,0.0000e+00,0.0000e+00,0.0000e+00,1.0710e-01,1.3602e+01
leg,4.0000e+00,4.5000e+00,4.2500e+00,2.1634e+01,0.0000e+00,0.0000e+00,2.1420e-01,0.0000e+00,1.1781e+00,2.3027e+01
leg,4.5000e+00,5.0000e+00,4.7500e+00,2.3883e+01,0.0000e+00,0.0000e+00,0.0000e+00,0.0000e+00,6.4260e-01,2.4526e+01
leg,5.0000e+00,5.5000e+00,5.2500e+00,2.8917e+01,0.0000e+00,1.0710e-01,0.0000e+00,1.0710e-01,1.4994e+00,3.0631e+01
leg,5.5000e+00,6.0000e+00,5.7500e+00,2.8167e+01,0.0000e+00,2.1420e-01,1.0710e-01,0.0000e+00,1.2852e+00,2.9774e+01
leg,6.0000e+00,6.5000e+00,6.2500e+00,2.6989e+01,1.0710e-01,0.0000e+00,6.4260e-01,1.0710e-01,1.4994e+00,2.9345e+01
leg,6.5000e+00,7.0000e+00,6.7500e+00,2.2919e+01,1.0710e-01,1.0710e-01,3.2130e-01,1.0710e-01,7.4970e-01,2.4312e+01
leg,7.0000e+00,7.5000e+00,7.2500e+00,2.1956e+01,2.1420e-01,0.0000e+00,3.2130e-01,0.0000e+00,4.2840e-01,2.2919e+01
leg,7.5000e+00,8.0000e+00,7.7500e+00,2.3883e+01,0.0000e+00,0.0000e+00,1.0710e-01,0.0000e+00,3.2130e-01,2.4312e+01
leg,8.0000e+00,8.5000e+00,8.2500e+00,1.8314e+01,2.1420e-01,0.0000e+00,2.1420e-01,0.0000e+00,4.2840e-01,1.9171e+01
leg,8.5000e+00,9.0000e+00,8.7500e+00,1.6172e+01,0.0000e+00,1.0710e-01,0.0000e+00,0.0000e+00,4.2840e-01,1.6708e+01
leg,9.0000e+00,9.5000e+00,9.2500e+00,1.3923e+01,1.0710e-01,1.0710e-01,1.0710e-01,0.0000e+00,2.1420e-01,1.4459e+01
leg,9.5000e+00,1.0000e+01,9.7500e+00,1.1353e+01,0.0000e+00,0.0000e+00,1.0710e-01,0.0000e+00,1.0710e-01,1.1567e+01
leg,1.0000e+01,1.0500e+01,1.0250e+01,1.0924e+01,0.0000e+00,0.0000e+00,1.0710e-01,1.0710e-01,1.0710e-01,1.1246e+01
leg,1.0500e+01,1.1000e+01,1.0750e+01,9.8532e+00,0.0000e+00,0.0000e+00,0.0000e+00,0.0000e+00,1.0710e-01,9.9603e+00
leg,1.1000e+01,1.1500e+01,1.1250e+01,8.0325e+00,0.0000e+00,1.0710e-01,0.0000e+00,0.0000e+00,3.2130e-01,8.4609e+00
leg,1.1500e+01,1.2000e+01,1.1750e+01,6.7473e+00,0.0000e+00,1.0710e-01,0.0000e+00,0.0000e+00,0.0000e+00,6.8544e+00
leg,1.2000e+01,1.2500e+01,1.2250e+01,5.5692e+00,0.0000e+00,0.0000e+00,0.0000e+00,0.0000e+00,0.0000e+00,5.5692e+00
leg,1.2500e+01,1.3000e+01,1.2750e+01,3.5343e+00,0.0000e+00,0.0000e+00,0.0000e+00,0.0000e+00,1.0710e-01,3.6414e+00
leg,1.3000e+01,1.3500e+01,1.3250e+01,3.1059e+00,0.0000e+00,0.0000e+00,0.0000e+00,0.0000e+00,0.0000e+00,3.1059e+00
leg,1.3500e+01,1.4000e+01,1.3750e+01,3.6414e+00,0.0000e+00,0.0000e+00,1.0710e-01,0.0000e+00,2.1420e-01,3.9627e+00
leg,1.4000e+01,1.4500e+01,1.4250e+01,3.1059e+00,0.0000e+00,0.0000e+00,0.0000e+00,0.0000e+00,0.0000e+00,3.1059e+00
leg,1.4500e+01,1.5000e+01,1.4750e+01,3.6414e+00,1.0710e-01,0.0000e+00,0.0000e+00,0.0000e+00,0.0000e+00,3.7485e+00
leg,1.5000e+01,1.5500e+01,1.5250e+01,2.1420e+00,0.0000e+00,0.0000e+00,2.1420e-01,0.0000e+00,0.0000e+00,2.3562e+00
leg,1.5500e+01,1.6000e+01,1.5750e+01,2.4633e+00,0.0000e+00,0.0000e+00,0.0000e+00,0.0000e+00,0.0000e+00,2.4633e+00
leg,1.6000e+01,1.6500e+01,1.6250e+01,1.6065e+00,0.0000e+00,0.0000e+00,1.0710e-01,0.0000e+00,0.0000e+00,1.7136e+00
leg,1.6500e+01,1.7000e+01,1.6750e+01,2.0349e+00,0.0000e+00,0.0000e+00,0.0000e+00,0.0000e+00,0.0000e+00,2.0349e+00
leg,1.7000e+01,1.7500e+01,1.7250e+01,1.6065e+00,0.0000e+00,0.0000e+00,0.0000e+00,0.0000e+00,0.0000e+00,1.6065e+00
leg,1.7500e+01,1.8000e+01,1.7750e+01,2.1420e+00,0.0000e+00,0.0000e+00,0.0000e+00,0.0000e+00,0.0000e+00,2.1420e+00
leg,1.8000e+01,1.8500e+01,1.8250e+01,1.1781e+00,0.0000e+00,0.0000e+00,0.0000e+00,0.0000e+00,1.0710e-01,1.2852e+00
leg,1.8500e+01,1.9000e+01,1.8750e+01,5.3550e-01,0.0000e+00,0.0000e+00,0.0000e+00,0.0000e+00,0.0000e+00,5.3550e-01
leg,1.9000e+01,1.9500e+01,1.9250e+01,1.6065e+00,0.0000e+00,0.0000e+00,0.0000e+00,0.0000e+00,1.0710e-01,1.7136e+00
leg,1.9500e+01,2.0000e+01,1.9750e+01,9.6390e-01,0.0000e+00,0.0000e+00,0.0000e+00,0.0000e+00,0.0000e+00,9.6390e-01
leg,2.0000e+01,2.0500e+01,2.0250e+01,1.4994e+00,0.0000e+00,0.0000e+00,0.0000e+00,0.0000e+00,0.0000e+00,1.4994e+00
leg,2.0500e+01,2.1000e+01,2.0750e+01,4.2840e-01,0.0000e+00,0.0000e+00,0.0000e+00,0.0000e+00,0.0000e+00,4.2840e-01
leg,2.1000e+01,2.1500e+01,2.1250e+01,8.5680e-01,0.0000e+00,0.0000e+00,0.0000e+00,0.0000e+00,0.0000e+00,8.5680e-01
leg,2.1500e+01,2.2000e+01,2.1750e+01,1.0710e+00,0.0000e+00,0.0000e+00,0.0000e+00,0.0000e+00,0.0000e+00,1.0710e+00
leg,2.2000e+01,2.2500e+01,2.2250e+01,1.0710e+00,0.0000e+00,0.0000e+00,0.0000e+00,0.0000e+00,1.0710e-01,1.1781e+00
leg,2.2500e+01,2.3000e+01,2.2750e+01,6.4260e-01,0.0000e+00,0.0000e+00,0.0000e+00,0.0000e+00,0.0000e+00,6.4260e-01
leg,2.3000e+01,2.3500e+01,2.3250e+01,4.2840e-01,0.0000e+00,0.0000e+00,0.0000e+00,0.0000e+00,0.0000e+00,4.2840e-01
leg,2.3500e+01,2.4000e+01,2.3750e+01,6.4260e-01,0.0000e+00,0.0000e+00,0.0000e+00,0.0000e+00,0.0000e+00,6.4260e-01
leg,2.4000e+01,2.4500e+01,2.4250e+01,6.4260e-01,0.0000e+00,0.0000e+00,0.0000e+00,0.0000e+00,0.0000e+00,6.4260e-01
leg,2.4500e+01,2.5000e+01,2.4750e+01,4.2840e-01,0.0000e+00,0.0000e+00,0.0000e+00,0.0000e+00,0.0000e+00,4.2840e-01
leg,2.5000e+01,2.5500e+01,2.5250e+01,5.3550e-01,0.0000e+00,0.0000e+00,0.0000e+00,0.0000e+00,0.0000e+00,5.3550e-01
leg,2.5500e+01,2.6000e+01,2.5750e+01,3.2130e-01,0.0000e+00,0.0000e+00,0.0000e+00,0.0000e+00,0.0000e+00,3.2130e-01
leg,2.6000e+01,2.6500e+01,2.6250e+01,7.4970e-01,0.0000e+00,0.0000e+00,0.0000e+00,0.0000e+00,0.0000e+00,7.4970e-01
leg,2.6500e+01,2.7000e+01,2.6750e+01,3.2130e-01,0.0000e+00,0.0000e+00,0.0000e+00,0.0000e+00,0.0000e+00,3.2130e-01
leg,2.7000e+01,2.7500e+01,2.7250e+01,1.0710e-01,0.0000e+00,0.0000e+00,0.0000e+00,0.0000e+00,0.0000e+00,1.0710e-01
leg,2.7500e+01,2.8000e+01,2.7750e+01,0.0000e+00,0.0000e+00,0.0000e+00,0.0000e+00,0.0000e+00,0.0000e+00,0.0000e+00
leg,2.8000e+01,2.8500e+01,2.8250e+01,2.1420e-01,0.0000e+00,0.0000e+00,0.0000e+00,0.0000e+00,0.0000e+00,2.1420e-01
leg,2.8500e+01,2.9000e+01,2.8750e+01,5.3550e-01,0.0000e+00,0.0000e+00,0.0000e+00,0.0000e+00,0.0000e+00,5.3550e-01
leg,2.9000e+01,2.9500e+01,2.9250e+01,2.1420e-01,0.0000e+00,0.0000e+00,0.0000e+00,0.0000e+00,0.0000e+00,2.1420e-01
leg,2.9500e+01,3.0000e+01,2.9750e+01,0.0000e+00,0.0000e+00,0.0000e+00,0.0000e+00,0.0000e+00,0.0000e+00,0.0000e+00
leg,3.0000e+01,3.0500e+01,3.0250e+01,1.0710e-01,0.0000e+00,0.0000e+00,0.0000e+00,0.0000e+00,0.0000e+00,1.0710e-01
leg,3.0500e+01,3.1000e+01,3.0750e+01,3.2130e-01,0.0000e+00,0.0000e+00,0.0000e+00,0.0000e+00,0.0000e+00,3.2130e-01
leg,3.1000e+01,3.1500e+01,3.1250e+01,3.2130e-01,0.0000e+00,0.0000e+00,0.0000e+00,0.0000e+00,0.0000e+00,3.2130e-01
leg,3.1500e+01,3.2000e+01,3.1750e+01,0.0000e+00,0.0000e+00,0.0000e+00,0.0000e+00,0.0000e+00,0.0000e+00,0.0000e+00
leg,3.2000e+01,3.2500e+01,3.2250e+01,0.0000e+00,0.0000e+00,0.0000e+00,0.0000e+00,0.0000e+00,0.0000e+00,0.0000e+00
leg,3.2500e+01,3.3000e+01,3.2750e+01,0.0000e+00,0.0000e+00,0.0000e+00,0.0000e+00,0.0000e+00,0.0000e+00,0.0000e+00
leg,3.3000e+01,3.3500e+01,3.3250e+01,0.0000e+00,0.0000e+00,0.0000e+00,0.0000e+00,0.0000e+00,0.0000e+00,0.0000e+00
leg,3.3500e+01,3.4000e+01,3.3750e+01,0.0000e+00,0.0000e+00,0.0000e+00,0.0000e+00,0.0000e+00,0.0000e+00,0.0000e+00
leg,3.4000e+01,3.4500e+01,3.4250e+01,0.0000e+00,0.0000e+00,0.0000e+00,0.0000e+00,0.0000e+00,0.0000e+00,0.0000e+00
leg,3.4500e+01,3.5000e+01,3.4750e+01,0.0000e+00,0.0000e+00,0.0000e+00,0.0000e+00,0.0000e+00,0.0000e+00,0.0000e+00
leg,3.5000e+01,3.5500e+01,3.5250e+01,0.0000e+00,0.0000e+00,0.0000e+00,0.0000e+00,0.0000e+00,0.0000e+00,0.0000e+00
leg,3.5500e+01,3.6000e+01,3.5750e+01,0.0000e+00,0.0000e+00,0.0000e+00,0.0000e+00,0.0000e+00,0.0000e+00,0.0000e+00
leg,3.6000e+01,3.6500e+01,3.6250e+01,0.0000e+00,0.0000e+00,0.0000e+00,0.0000e+00,0.0000e+00,0.0000e+00,0.0000e+00
leg,3.6500e+01,3.7000e+01,3.6750e+01,0.0000e+00,0.0000e+00,0.0000e+00,0.0000e+00,0.0000e+00,0.0000e+00,0.0000e+00
leg,3.7000e+01,3.7500e+01,3.7250e+01,0.0000e+00,0.0000e+00,0.0000e+00,0.0000e+00,0.0000e+00,0.0000e+00,0.0000e+00
leg,3.7500e+01,3.8000e+01,3.7750e+01,0.0000e+00,0.0000e+00,0.0000e+00,0.0000e+00,0.0000e+00,0.0000e+00,0.0000e+00
leg,3.8000e+01,3.8500e+01,3.8250e+01,0.0000e+00,0.0000e+00,0.0000e+00,0.0000e+00,0.0000e+00,0.0000e+00,0.0000e+00
leg,3.8500e+01,3.9000e+01,3.8750e+01,0.0000e+00,0.0000e+00,0.0000e+00,0.0000e+00,0.0000e+00,0.0000e+00,0.0000e+00
leg,3.9000e+01,3.9500e+01,3.9250e+01,0.0000e+00,0.0000e+00,0.0000e+00,0.0000e+00,0.0000e+00,0.0000e+00,0.0000e+00
leg,3.9500e+01,4.0000e+01,3.9750e+01,0.0000e+00,0.0000e+00,0.0000e+00,0.0000e+00,0.0000e+00,0.0000e+00,0.0000e+00
