# in-gate IPC production spectrum (reweighted). t_ms=arrival time; dNdt in IPC pairs/pulse/ms; cdf=fraction of in-gate IPC with arrival<=t; E_eV=neutron energy
# integral(dNdt dt)= 6.578440e-05 IPC/pulse in-gate; ×1.929e+04 pulses/day; ×0.0021 capt→IPC; ×0.025 X17/IPC
t_ms,dNdt_ipc_per_pulse_per_ms,cdf,E_eV
1.000000e+00,1.493050e-05,0.000000e+00,1.988100e+00
1.002883e+00,1.488603e-05,6.534180e-04,1.976685e+00
1.005775e+00,1.484168e-05,1.306768e-03,1.965335e+00
1.008675e+00,1.479747e-05,1.960050e-03,1.954051e+00
1.011583e+00,1.475340e-05,2.613264e-03,1.942831e+00
1.014500e+00,1.470945e-05,3.266410e-03,1.931676e+00
1.017425e+00,1.466563e-05,3.919488e-03,1.920585e+00
1.020358e+00,1.462195e-05,4.572498e-03,1.909558e+00
1.023300e+00,1.457839e-05,5.225440e-03,1.898593e+00
1.026251e+00,1.453496e-05,5.878314e-03,1.887692e+00
1.029210e+00,1.449167e-05,6.531120e-03,1.876854e+00
1.032177e+00,1.444871e-05,7.183863e-03,1.866077e+00
1.035153e+00,1.440592e-05,7.836548e-03,1.855363e+00
1.038138e+00,1.436326e-05,8.489177e-03,1.844710e+00
1.041131e+00,1.432072e-05,9.141749e-03,1.834118e+00
1.044133e+00,1.427831e-05,9.794264e-03,1.823587e+00
1.047144e+00,1.423603e-05,1.044672e-02,1.813116e+00
1.050163e+00,1.419387e-05,1.109913e-02,1.802706e+00
1.053191e+00,1.415183e-05,1.175147e-02,1.792355e+00
1.056227e+00,1.410992e-05,1.240376e-02,1.782064e+00
1.059273e+00,1.406675e-05,1.305596e-02,1.771832e+00
1.062327e+00,1.402290e-05,1.370802e-02,1.761659e+00
1.065390e+00,1.397919e-05,1.435992e-02,1.751544e+00
1.068462e+00,1.393572e-05,1.501167e-02,1.741487e+00
1.071542e+00,1.389240e-05,1.566327e-02,1.731488e+00
1.074632e+00,1.384922e-05,1.631471e-02,1.721546e+00
1.077730e+00,1.380617e-05,1.696600e-02,1.711661e+00
1.080838e+00,1.376326e-05,1.761713e-02,1.701834e+00
1.083954e+00,1.372047e-05,1.826812e-02,1.692062e+00
1.087080e+00,1.367783e-05,1.891895e-02,1.682347e+00
1.090214e+00,1.363531e-05,1.956963e-02,1.672687e+00
1.093357e+00,1.359293e-05,2.022015e-02,1.663083e+00
1.096510e+00,1.355068e-05,2.087053e-02,1.653534e+00
1.099671e+00,1.350856e-05,2.152075e-02,1.644040e+00
1.102842e+00,1.346657e-05,2.217082e-02,1.634600e+00
1.106022e+00,1.342471e-05,2.282074e-02,1.625215e+00
1.109211e+00,1.338301e-05,2.347051e-02,1.615884e+00
1.112409e+00,1.334145e-05,2.412012e-02,1.606606e+00
1.115616e+00,1.330002e-05,2.476959e-02,1.597381e+00
1.118833e+00,1.325871e-05,2.541891e-02,1.588209e+00
1.122059e+00,1.321754e-05,2.606807e-02,1.579090e+00
1.125294e+00,1.317649e-05,2.671709e-02,1.570023e+00
1.128539e+00,1.313557e-05,2.736595e-02,1.561009e+00
1.131793e+00,1.309477e-05,2.801467e-02,1.552046e+00
1.135056e+00,1.305411e-05,2.866323e-02,1.543135e+00
1.138328e+00,1.301357e-05,2.931165e-02,1.534274e+00
1.141611e+00,1.297315e-05,2.995992e-02,1.525465e+00
1.144902e+00,1.293286e-05,3.060803e-02,1.516706e+00
1.148203e+00,1.289270e-05,3.125600e-02,1.507998e+00
1.151514e+00,1.285266e-05,3.190381e-02,1.499339e+00
1.154834e+00,1.281275e-05,3.255148e-02,1.490730e+00
1.158164e+00,1.277297e-05,3.319900e-02,1.482171e+00
1.161503e+00,1.273331e-05,3.384636e-02,1.473661e+00
1.164852e+00,1.269377e-05,3.449358e-02,1.465199e+00
1.168211e+00,1.265436e-05,3.514065e-02,1.456787e+00
1.171579e+00,1.261507e-05,3.578757e-02,1.448422e+00
1.174957e+00,1.257590e-05,3.643434e-02,1.440106e+00
1.178345e+00,1.253685e-05,3.708096e-02,1.431837e+00
1.181742e+00,1.249793e-05,3.772744e-02,1.423616e+00
1.185149e+00,1.245912e-05,3.837376e-02,1.415442e+00
1.188566e+00,1.242108e-05,3.901995e-02,1.407315e+00
1.191993e+00,1.238350e-05,3.966604e-02,1.399234e+00
1.195430e+00,1.234604e-05,4.031202e-02,1.391200e+00
1.198877e+00,1.230870e-05,4.095791e-02,1.383213e+00
1.202334e+00,1.227146e-05,4.160371e-02,1.375271e+00
1.205800e+00,1.223435e-05,4.224940e-02,1.367374e+00
1.209277e+00,1.219735e-05,4.289500e-02,1.359523e+00
1.212764e+00,1.216047e-05,4.354051e-02,1.351717e+00
1.216261e+00,1.212370e-05,4.418591e-02,1.343956e+00
1.219767e+00,1.208703e-05,4.483122e-02,1.336239e+00
1.223284e+00,1.205048e-05,4.547644e-02,1.328567e+00
1.226811e+00,1.201404e-05,4.612155e-02,1.320939e+00
1.230349e+00,1.197771e-05,4.676657e-02,1.313354e+00
1.233896e+00,1.194149e-05,4.741150e-02,1.305813e+00
1.237454e+00,1.190537e-05,4.805633e-02,1.298316e+00
1.241022e+00,1.186937e-05,4.870106e-02,1.290861e+00
1.244600e+00,1.183348e-05,4.934569e-02,1.283449e+00
1.248188e+00,1.179769e-05,4.999023e-02,1.276080e+00
1.251787e+00,1.176202e-05,5.063467e-02,1.268753e+00
1.255396e+00,1.172645e-05,5.127902e-02,1.261468e+00
1.259016e+00,1.169098e-05,5.192327e-02,1.254225e+00
1.262646e+00,1.165564e-05,5.256742e-02,1.247024e+00
1.266287e+00,1.162042e-05,5.321148e-02,1.239864e+00
1.269938e+00,1.158531e-05,5.385545e-02,1.232745e+00
1.273599e+00,1.155030e-05,5.449931e-02,1.225667e+00
1.277272e+00,1.151540e-05,5.514309e-02,1.218630e+00
1.280954e+00,1.148060e-05,5.578677e-02,1.211633e+00
1.284648e+00,1.144591e-05,5.643035e-02,1.204676e+00
1.288352e+00,1.141132e-05,5.707384e-02,1.197759e+00
1.292066e+00,1.137684e-05,5.771724e-02,1.190882e+00
1.295792e+00,1.134248e-05,5.836054e-02,1.184044e+00
1.299528e+00,1.130825e-05,5.900375e-02,1.177245e+00
1.303275e+00,1.127412e-05,5.964686e-02,1.170486e+00
1.307032e+00,1.124010e-05,6.028988e-02,1.163765e+00
1.310801e+00,1.120617e-05,6.093282e-02,1.157083e+00
1.314580e+00,1.117235e-05,6.157565e-02,1.150440e+00
1.318371e+00,1.113863e-05,6.221840e-02,1.143834e+00
1.322172e+00,1.110502e-05,6.286106e-02,1.137267e+00
1.325984e+00,1.107150e-05,6.350362e-02,1.130737e+00
1.329807e+00,1.103809e-05,6.414609e-02,1.124244e+00
1.333642e+00,1.100544e-05,6.478849e-02,1.117789e+00
1.337487e+00,1.097318e-05,6.543084e-02,1.111371e+00
1.341343e+00,1.094103e-05,6.607316e-02,1.104990e+00
1.345211e+00,1.090896e-05,6.671544e-02,1.098646e+00
1.349089e+00,1.087699e-05,6.735768e-02,1.092338e+00
1.352979e+00,1.084511e-05,6.799989e-02,1.086066e+00
1.356880e+00,1.081333e-05,6.864207e-02,1.079830e+00
1.360792e+00,1.078164e-05,6.928420e-02,1.073630e+00
1.364716e+00,1.075004e-05,6.992631e-02,1.067465e+00
1.368651e+00,1.071856e-05,7.056837e-02,1.061336e+00
1.372597e+00,1.068724e-05,7.121041e-02,1.055242e+00
1.376555e+00,1.065601e-05,7.185241e-02,1.049183e+00
1.380524e+00,1.062488e-05,7.249438e-02,1.043159e+00
1.384504e+00,1.059383e-05,7.313633e-02,1.037170e+00
1.388496e+00,1.056288e-05,7.377824e-02,1.031215e+00
1.392499e+00,1.053201e-05,7.442012e-02,1.025294e+00
1.396514e+00,1.050124e-05,7.506198e-02,1.019407e+00
1.400541e+00,1.047056e-05,7.570380e-02,1.013553e+00
1.404579e+00,1.043996e-05,7.634559e-02,1.007734e+00
1.408629e+00,1.040946e-05,7.698735e-02,1.001948e+00
1.412690e+00,1.037911e-05,7.762909e-02,9.961949e-01
1.416763e+00,1.034889e-05,7.827080e-02,9.904751e-01
1.420848e+00,1.031876e-05,7.891248e-02,9.847880e-01
1.424945e+00,1.028871e-05,7.955415e-02,9.791337e-01
1.429054e+00,1.025875e-05,8.019578e-02,9.735117e-01
1.433174e+00,1.022888e-05,8.083740e-02,9.679221e-01
1.437306e+00,1.019910e-05,8.147899e-02,9.623646e-01
1.441450e+00,1.016940e-05,8.212056e-02,9.568390e-01
1.445606e+00,1.013979e-05,8.276210e-02,9.513451e-01
1.449775e+00,1.011026e-05,8.340362e-02,9.458827e-01
1.453955e+00,1.008082e-05,8.404512e-02,9.404517e-01
1.458147e+00,1.005151e-05,8.468659e-02,9.350519e-01
1.462351e+00,1.002234e-05,8.532805e-02,9.296831e-01
1.466567e+00,9.993244e-06,8.596948e-02,9.243451e-01
1.470796e+00,9.964238e-06,8.661090e-02,9.190378e-01
1.475037e+00,9.935316e-06,8.725230e-02,9.137609e-01
1.479290e+00,9.906478e-06,8.789369e-02,9.085144e-01
1.483555e+00,9.877723e-06,8.853505e-02,9.032979e-01
1.487832e+00,9.849052e-06,8.917640e-02,8.981115e-01
1.492122e+00,9.820465e-06,8.981773e-02,8.929548e-01
1.496424e+00,9.792130e-06,9.045905e-02,8.878277e-01
1.500739e+00,9.763961e-06,9.110036e-02,8.827300e-01
1.505066e+00,9.735874e-06,9.174168e-02,8.776616e-01
1.509406e+00,9.707898e-06,9.238299e-02,8.726223e-01
1.513758e+00,9.680036e-06,9.302430e-02,8.676120e-01
1.518122e+00,9.652254e-06,9.366562e-02,8.626304e-01
1.522499e+00,9.624552e-06,9.430694e-02,8.576774e-01
1.526889e+00,9.596929e-06,9.494827e-02,8.527529e-01
1.531292e+00,9.569386e-06,9.558960e-02,8.478566e-01
1.535707e+00,9.541922e-06,9.623093e-02,8.429885e-01
1.540135e+00,9.514536e-06,9.687226e-02,8.381483e-01
1.544575e+00,9.487230e-06,9.751360e-02,8.333359e-01
1.549029e+00,9.460001e-06,9.815494e-02,8.285511e-01
1.553495e+00,9.432851e-06,9.879628e-02,8.237938e-01
1.557974e+00,9.405779e-06,9.943763e-02,8.190638e-01
1.562466e+00,9.378784e-06,1.000790e-01,8.143609e-01
1.566971e+00,9.351887e-06,1.007203e-01,8.096851e-01
1.571489e+00,9.325081e-06,1.013617e-01,8.050361e-01
1.576020e+00,9.298352e-06,1.020031e-01,8.004138e-01
1.580564e+00,9.271700e-06,1.026444e-01,7.958181e-01
1.585122e+00,9.245124e-06,1.032858e-01,7.912487e-01
1.589692e+00,9.218624e-06,1.039272e-01,7.867056e-01
1.594276e+00,9.192200e-06,1.045686e-01,7.821886e-01
1.598872e+00,9.165852e-06,1.052100e-01,7.776975e-01
1.603482e+00,9.139579e-06,1.058514e-01,7.732321e-01
1.608106e+00,9.113382e-06,1.064928e-01,7.687925e-01
1.612742e+00,9.087260e-06,1.071342e-01,7.643783e-01
1.617392e+00,9.061212e-06,1.077756e-01,7.599894e-01
1.622056e+00,9.035240e-06,1.084170e-01,7.556258e-01
1.626732e+00,9.009341e-06,1.090584e-01,7.512872e-01
1.631423e+00,8.983527e-06,1.096999e-01,7.469735e-01
1.636127e+00,8.957792e-06,1.103413e-01,7.426846e-01
1.640844e+00,8.932129e-06,1.109828e-01,7.384203e-01
1.645575e+00,8.906541e-06,1.116242e-01,7.341805e-01
1.650320e+00,8.881025e-06,1.122657e-01,7.299651e-01
1.655078e+00,8.855583e-06,1.129071e-01,7.257738e-01
1.659850e+00,8.830214e-06,1.135486e-01,7.216066e-01
1.664636e+00,8.804917e-06,1.141901e-01,7.174634e-01
1.669435e+00,8.779693e-06,1.148316e-01,7.133439e-01
1.674249e+00,8.754541e-06,1.154731e-01,7.092481e-01
1.679076e+00,8.730731e-06,1.161146e-01,7.051758e-01
1.683918e+00,8.707579e-06,1.167563e-01,7.011268e-01
1.688773e+00,8.684488e-06,1.173981e-01,6.971012e-01
1.693642e+00,8.661458e-06,1.180400e-01,6.930986e-01
1.698525e+00,8.638489e-06,1.186821e-01,6.891190e-01
1.703423e+00,8.615584e-06,1.193244e-01,6.851623e-01
1.708334e+00,8.592741e-06,1.199667e-01,6.812283e-01
1.713260e+00,8.569958e-06,1.206093e-01,6.773169e-01
1.718199e+00,8.547236e-06,1.212519e-01,6.734279e-01
1.723153e+00,8.524574e-06,1.218948e-01,6.695613e-01
1.728122e+00,8.501972e-06,1.225377e-01,6.657168e-01
1.733104e+00,8.479430e-06,1.231808e-01,6.618945e-01
1.738101e+00,8.456948e-06,1.238241e-01,6.580941e-01
1.743113e+00,8.434526e-06,1.244675e-01,6.543155e-01
1.748139e+00,8.412163e-06,1.251110e-01,6.505586e-01
1.753179e+00,8.389859e-06,1.257547e-01,6.468233e-01
1.758234e+00,8.367614e-06,1.263985e-01,6.431094e-01
1.763304e+00,8.345429e-06,1.270425e-01,6.394168e-01
1.768388e+00,8.323302e-06,1.276866e-01,6.357455e-01
1.773486e+00,8.301234e-06,1.283309e-01,6.320952e-01
1.778600e+00,8.279224e-06,1.289753e-01,6.284659e-01
1.783728e+00,8.257273e-06,1.296198e-01,6.248574e-01
1.788871e+00,8.235380e-06,1.302645e-01,6.212697e-01
1.794029e+00,8.213545e-06,1.309094e-01,6.177025e-01
1.799202e+00,8.191769e-06,1.315543e-01,6.141559e-01
1.804389e+00,8.170050e-06,1.321995e-01,6.106295e-01
1.809592e+00,8.148388e-06,1.328447e-01,6.071235e-01
1.814809e+00,8.126784e-06,1.334901e-01,6.036375e-01
1.820042e+00,8.105238e-06,1.341357e-01,6.001716e-01
1.825290e+00,8.083748e-06,1.347814e-01,5.967256e-01
1.830552e+00,8.062316e-06,1.354273e-01,5.932994e-01
1.835830e+00,8.040941e-06,1.360733e-01,5.898928e-01
1.841124e+00,8.019623e-06,1.367194e-01,5.865058e-01
1.846432e+00,7.998362e-06,1.373657e-01,5.831383e-01
1.851756e+00,7.977157e-06,1.380121e-01,5.797901e-01
1.857095e+00,7.956008e-06,1.386587e-01,5.764611e-01
1.862450e+00,7.934915e-06,1.393054e-01,5.731512e-01
1.867819e+00,7.913878e-06,1.399523e-01,5.698603e-01
1.873205e+00,7.892897e-06,1.405993e-01,5.665883e-01
1.878606e+00,7.871972e-06,1.412465e-01,5.633352e-01
1.884022e+00,7.852463e-06,1.418938e-01,5.601006e-01
1.889455e+00,7.833602e-06,1.425415e-01,5.568847e-01
1.894902e+00,7.814786e-06,1.431894e-01,5.536872e-01
1.900366e+00,7.796016e-06,1.438377e-01,5.505081e-01
1.905845e+00,7.777291e-06,1.444862e-01,5.473473e-01
1.911340e+00,7.758611e-06,1.451351e-01,5.442045e-01
1.916851e+00,7.739976e-06,1.457843e-01,5.410799e-01
1.922378e+00,7.721385e-06,1.464338e-01,5.379731e-01
1.927921e+00,7.702839e-06,1.470836e-01,5.348843e-01
1.933480e+00,7.684338e-06,1.477337e-01,5.318131e-01
1.939054e+00,7.665882e-06,1.483841e-01,5.287596e-01
1.944645e+00,7.647470e-06,1.490348e-01,5.257236e-01
1.950252e+00,7.629102e-06,1.496858e-01,5.227050e-01
1.955875e+00,7.610779e-06,1.503372e-01,5.197038e-01
1.961515e+00,7.592499e-06,1.509888e-01,5.167198e-01
1.967170e+00,7.574264e-06,1.516408e-01,5.137530e-01
1.972842e+00,7.556072e-06,1.522930e-01,5.108031e-01
1.978530e+00,7.537924e-06,1.529456e-01,5.078702e-01
1.984235e+00,7.519819e-06,1.535985e-01,5.049542e-01
1.989956e+00,7.501758e-06,1.542517e-01,5.020549e-01
1.995694e+00,7.483740e-06,1.549052e-01,4.991722e-01
2.001448e+00,7.465765e-06,1.555590e-01,4.963061e-01
2.007219e+00,7.447833e-06,1.562131e-01,4.934565e-01
2.013006e+00,7.429944e-06,1.568676e-01,4.906232e-01
2.018810e+00,7.412098e-06,1.575223e-01,4.878062e-01
2.024631e+00,7.394295e-06,1.581774e-01,4.850053e-01
2.030468e+00,7.376535e-06,1.588327e-01,4.822206e-01
2.036323e+00,7.358817e-06,1.594884e-01,4.794518e-01
2.042194e+00,7.341142e-06,1.601444e-01,4.766989e-01
2.048082e+00,7.323510e-06,1.608007e-01,4.739618e-01
2.053988e+00,7.305920e-06,1.614573e-01,4.712405e-01
2.059910e+00,7.288372e-06,1.621142e-01,4.685348e-01
2.065849e+00,7.270866e-06,1.627715e-01,4.658446e-01
2.071806e+00,7.253402e-06,1.634290e-01,4.631698e-01
2.077779e+00,7.235981e-06,1.640869e-01,4.605104e-01
2.083770e+00,7.218601e-06,1.647450e-01,4.578663e-01
2.089778e+00,7.201264e-06,1.654035e-01,4.552374e-01
2.095803e+00,7.183968e-06,1.660623e-01,4.526235e-01
2.101846e+00,7.166714e-06,1.667214e-01,4.500247e-01
2.107906e+00,7.149501e-06,1.673809e-01,4.474408e-01
2.113984e+00,7.129856e-06,1.680405e-01,4.448717e-01
2.120079e+00,7.109237e-06,1.687001e-01,4.423174e-01
2.126192e+00,7.088678e-06,1.693598e-01,4.397777e-01
2.132323e+00,7.068177e-06,1.700194e-01,4.372526e-01
2.138471e+00,7.047737e-06,1.706790e-01,4.347420e-01
2.144636e+00,7.027355e-06,1.713386e-01,4.322459e-01
2.150820e+00,7.007032e-06,1.719982e-01,4.297640e-01
2.157021e+00,6.986768e-06,1.726578e-01,4.272965e-01
2.163241e+00,6.966563e-06,1.733174e-01,4.248430e-01
2.169478e+00,6.946417e-06,1.739770e-01,4.224037e-01
2.175733e+00,6.926330e-06,1.746365e-01,4.199784e-01
2.182006e+00,6.906300e-06,1.752961e-01,4.175670e-01
2.188298e+00,6.886329e-06,1.759556e-01,4.151694e-01
2.194607e+00,6.866415e-06,1.766151e-01,4.127857e-01
2.200935e+00,6.846559e-06,1.772747e-01,4.104156e-01
2.207281e+00,6.826760e-06,1.779342e-01,4.080591e-01
2.213645e+00,6.807019e-06,1.785936e-01,4.057161e-01
2.220028e+00,6.787334e-06,1.792531e-01,4.033866e-01
2.226429e+00,6.767706e-06,1.799126e-01,4.010705e-01
2.232848e+00,6.748135e-06,1.805720e-01,3.987676e-01
2.239286e+00,6.728621e-06,1.812315e-01,3.964780e-01
2.245742e+00,6.709163e-06,1.818909e-01,3.942016e-01
2.252218e+00,6.689761e-06,1.825503e-01,3.919382e-01
2.258711e+00,6.670415e-06,1.832098e-01,3.896878e-01
2.265224e+00,6.651125e-06,1.838692e-01,3.874503e-01
2.271755e+00,6.631892e-06,1.845285e-01,3.852257e-01
2.278305e+00,6.612714e-06,1.851879e-01,3.830138e-01
2.284874e+00,6.593592e-06,1.858473e-01,3.808146e-01
2.291462e+00,6.574526e-06,1.865066e-01,3.786281e-01
2.298069e+00,6.555513e-06,1.871660e-01,3.764541e-01
2.304695e+00,6.536555e-06,1.878253e-01,3.742926e-01
2.311340e+00,6.517652e-06,1.884846e-01,3.721436e-01
2.318004e+00,6.498804e-06,1.891440e-01,3.700068e-01
2.324688e+00,6.480010e-06,1.898033e-01,3.678823e-01
2.331391e+00,6.461271e-06,1.904625e-01,3.657701e-01
2.338113e+00,6.442586e-06,1.911218e-01,3.636699e-01
2.344854e+00,6.423955e-06,1.917811e-01,3.615818e-01
2.351615e+00,6.405379e-06,1.924404e-01,3.595057e-01
2.358395e+00,6.386855e-06,1.930996e-01,3.574416e-01
2.365195e+00,6.368385e-06,1.937588e-01,3.553892e-01
2.372015e+00,6.351254e-06,1.944181e-01,3.533487e-01
2.378854e+00,6.334672e-06,1.950776e-01,3.513199e-01
2.385713e+00,6.318133e-06,1.957372e-01,3.493027e-01
2.392591e+00,6.301640e-06,1.963970e-01,3.472971e-01
2.399490e+00,6.285189e-06,1.970569e-01,3.453030e-01
2.406408e+00,6.268781e-06,1.977171e-01,3.433204e-01
2.413347e+00,6.252416e-06,1.983774e-01,3.413491e-01
2.420305e+00,6.236093e-06,1.990379e-01,3.393892e-01
2.427284e+00,6.219812e-06,1.996985e-01,3.374405e-01
2.434282e+00,6.203573e-06,2.003594e-01,3.355030e-01
2.441301e+00,6.187377e-06,2.010204e-01,3.335767e-01
2.448340e+00,6.171223e-06,2.016816e-01,3.316614e-01
2.455399e+00,6.155112e-06,2.023429e-01,3.297570e-01
2.462479e+00,6.139043e-06,2.030045e-01,3.278637e-01
2.469579e+00,6.123015e-06,2.036662e-01,3.259812e-01
2.476699e+00,6.107030e-06,2.043281e-01,3.241095e-01
2.483840e+00,6.091086e-06,2.049901e-01,3.222485e-01
2.491002e+00,6.075184e-06,2.056524e-01,3.203983e-01
2.498184e+00,6.059324e-06,2.063148e-01,3.185586e-01
2.505387e+00,6.043504e-06,2.069774e-01,3.167296e-01
2.512611e+00,6.027727e-06,2.076401e-01,3.149110e-01
2.519855e+00,6.011990e-06,2.083031e-01,3.131029e-01
2.527121e+00,5.996294e-06,2.089662e-01,3.113051e-01
2.534407e+00,5.980639e-06,2.096295e-01,3.095177e-01
2.541714e+00,5.965025e-06,2.102930e-01,3.077405e-01
2.549043e+00,5.949452e-06,2.109566e-01,3.059736e-01
2.556393e+00,5.933919e-06,2.116204e-01,3.042168e-01
2.563763e+00,5.918427e-06,2.122844e-01,3.024700e-01
2.571155e+00,5.902976e-06,2.129486e-01,3.007333e-01
2.578569e+00,5.887565e-06,2.136129e-01,2.990066e-01
2.586004e+00,5.872195e-06,2.142775e-01,2.972898e-01
2.593460e+00,5.856864e-06,2.149422e-01,2.955828e-01
2.600937e+00,5.841574e-06,2.156070e-01,2.938857e-01
2.608437e+00,5.826323e-06,2.162721e-01,2.921983e-01
2.615957e+00,5.811112e-06,2.169373e-01,2.905206e-01
2.623500e+00,5.795941e-06,2.176027e-01,2.888525e-01
2.631064e+00,5.780810e-06,2.182683e-01,2.871940e-01
2.638650e+00,5.765718e-06,2.189341e-01,2.855450e-01
2.646258e+00,5.750665e-06,2.196000e-01,2.839055e-01
2.653888e+00,5.735653e-06,2.202661e-01,2.822754e-01
2.661540e+00,5.724220e-06,2.209326e-01,2.806546e-01
2.669214e+00,5.714112e-06,2.215998e-01,2.790432e-01
2.676910e+00,5.704021e-06,2.222677e-01,2.774410e-01
2.684629e+00,5.693949e-06,2.229363e-01,2.758480e-01
2.692369e+00,5.683893e-06,2.236057e-01,2.742641e-01
2.700132e+00,5.673856e-06,2.242758e-01,2.726894e-01
2.707917e+00,5.663836e-06,2.249467e-01,2.711237e-01
2.715725e+00,5.653833e-06,2.256183e-01,2.695670e-01
2.723555e+00,5.643849e-06,2.262907e-01,2.680192e-01
2.731408e+00,5.633882e-06,2.269638e-01,2.664803e-01
2.739283e+00,5.623933e-06,2.276377e-01,2.649503e-01
2.747181e+00,5.614002e-06,2.283123e-01,2.634290e-01
2.755102e+00,5.604088e-06,2.289877e-01,2.619165e-01
2.763046e+00,5.594192e-06,2.296638e-01,2.604126e-01
2.771013e+00,5.584314e-06,2.303407e-01,2.589174e-01
2.779002e+00,5.574452e-06,2.310183e-01,2.574308e-01
2.787015e+00,5.564609e-06,2.316967e-01,2.559527e-01
2.795051e+00,5.554782e-06,2.323758e-01,2.544831e-01
2.803110e+00,5.544972e-06,2.330557e-01,2.530219e-01
2.811192e+00,5.535179e-06,2.337363e-01,2.515691e-01
2.819297e+00,5.525404e-06,2.344177e-01,2.501247e-01
2.827426e+00,5.515647e-06,2.350999e-01,2.486885e-01
2.835578e+00,5.505906e-06,2.357828e-01,2.472606e-01
2.843754e+00,5.496183e-06,2.364665e-01,2.458409e-01
2.851953e+00,5.486478e-06,2.371509e-01,2.444294e-01
2.860176e+00,5.476790e-06,2.378361e-01,2.430259e-01
2.868423e+00,5.467119e-06,2.385221e-01,2.416305e-01
2.876693e+00,5.457465e-06,2.392088e-01,2.402432e-01
2.884988e+00,5.447828e-06,2.398963e-01,2.388638e-01
2.893306e+00,5.438208e-06,2.405845e-01,2.374923e-01
2.901648e+00,5.428605e-06,2.412736e-01,2.361287e-01
2.910015e+00,5.419019e-06,2.419634e-01,2.347729e-01
2.918405e+00,5.409450e-06,2.426539e-01,2.334249e-01
2.926819e+00,5.399898e-06,2.433452e-01,2.320846e-01
2.935258e+00,5.390362e-06,2.440373e-01,2.307520e-01
2.943722e+00,5.380844e-06,2.447302e-01,2.294271e-01
2.952209e+00,5.371342e-06,2.454238e-01,2.281098e-01
2.960721e+00,5.361858e-06,2.461182e-01,2.268001e-01
2.969258e+00,5.352390e-06,2.468134e-01,2.254979e-01
2.977819e+00,5.342939e-06,2.475093e-01,2.242031e-01
2.986405e+00,5.345680e-06,2.482068e-01,2.229158e-01
2.995015e+00,5.352633e-06,2.489070e-01,2.216359e-01
3.003651e+00,5.359596e-06,2.496101e-01,2.203633e-01
3.012311e+00,5.366567e-06,2.503161e-01,2.190981e-01
3.020997e+00,5.373548e-06,2.510251e-01,2.178401e-01
3.029707e+00,5.380538e-06,2.517371e-01,2.165893e-01
3.038443e+00,5.387537e-06,2.524520e-01,2.153457e-01
3.047203e+00,5.394545e-06,2.531700e-01,2.141092e-01
3.055989e+00,5.401563e-06,2.538909e-01,2.128799e-01
3.064800e+00,5.408589e-06,2.546149e-01,2.116576e-01
3.073637e+00,5.415625e-06,2.553419e-01,2.104423e-01
3.082499e+00,5.422670e-06,2.560719e-01,2.092340e-01
3.091387e+00,5.429724e-06,2.568050e-01,2.080326e-01
3.100300e+00,5.436788e-06,2.575412e-01,2.068382e-01
3.109239e+00,5.443862e-06,2.582804e-01,2.056506e-01
3.118204e+00,5.450944e-06,2.590228e-01,2.044698e-01
3.127195e+00,5.458035e-06,2.597682e-01,2.032958e-01
3.136211e+00,5.465136e-06,2.605168e-01,2.021285e-01
3.145254e+00,5.472246e-06,2.612685e-01,2.009679e-01
3.154323e+00,5.479365e-06,2.620234e-01,1.998140e-01
3.163417e+00,5.486494e-06,2.627814e-01,1.986668e-01
3.172538e+00,5.493633e-06,2.635426e-01,1.975261e-01
3.181686e+00,5.500780e-06,2.643070e-01,1.963919e-01
3.190859e+00,5.507937e-06,2.650746e-01,1.952643e-01
3.200060e+00,5.515104e-06,2.658454e-01,1.941432e-01
3.209286e+00,5.522280e-06,2.666194e-01,1.930284e-01
3.218540e+00,5.529465e-06,2.673967e-01,1.919201e-01
3.227819e+00,5.536661e-06,2.681772e-01,1.908182e-01
3.237126e+00,5.543865e-06,2.689610e-01,1.897226e-01
3.246460e+00,5.551079e-06,2.697481e-01,1.886332e-01
3.255820e+00,5.558302e-06,2.705385e-01,1.875501e-01
3.265208e+00,5.565535e-06,2.713322e-01,1.864733e-01
3.274622e+00,5.572778e-06,2.721292e-01,1.854026e-01
3.284064e+00,5.580030e-06,2.729295e-01,1.843381e-01
3.293533e+00,5.587291e-06,2.737332e-01,1.832797e-01
3.303029e+00,5.594562e-06,2.745403e-01,1.822273e-01
3.312552e+00,5.601843e-06,2.753507e-01,1.811810e-01
3.322103e+00,5.609134e-06,2.761646e-01,1.801407e-01
3.331682e+00,5.616435e-06,2.769818e-01,1.791064e-01
3.341288e+00,5.623745e-06,2.778025e-01,1.780780e-01
3.350922e+00,5.643452e-06,2.786275e-01,1.770556e-01
3.360584e+00,5.667247e-06,2.794581e-01,1.760390e-01
3.370273e+00,5.691142e-06,2.802946e-01,1.750282e-01
3.379991e+00,5.715139e-06,2.811371e-01,1.740232e-01
3.389736e+00,5.739237e-06,2.819855e-01,1.730240e-01
3.399510e+00,5.763437e-06,2.828400e-01,1.720306e-01
3.409311e+00,5.787738e-06,2.837005e-01,1.710428e-01
3.419141e+00,5.812143e-06,2.845672e-01,1.700608e-01
3.429000e+00,5.836650e-06,2.854400e-01,1.690843e-01
3.438887e+00,5.861262e-06,2.863191e-01,1.681135e-01
3.448802e+00,5.885979e-06,2.872044e-01,1.671482e-01
3.458746e+00,5.910799e-06,2.880960e-01,1.661885e-01
3.468718e+00,5.935725e-06,2.889939e-01,1.652343e-01
3.478720e+00,5.960756e-06,2.898982e-01,1.642856e-01
3.488750e+00,5.985892e-06,2.908090e-01,1.633423e-01
3.498809e+00,6.011134e-06,2.917262e-01,1.624044e-01
3.508897e+00,6.036484e-06,2.926500e-01,1.614719e-01
3.519014e+00,6.061941e-06,2.935803e-01,1.605448e-01
3.529160e+00,6.087506e-06,2.945172e-01,1.596230e-01
3.539336e+00,6.113178e-06,2.954608e-01,1.587065e-01
3.549541e+00,6.138958e-06,2.964111e-01,1.577952e-01
3.559775e+00,6.164847e-06,2.973682e-01,1.568892e-01
3.570039e+00,6.190847e-06,2.983321e-01,1.559884e-01
3.580332e+00,6.216957e-06,2.993028e-01,1.550928e-01
3.590655e+00,6.243178e-06,3.002805e-01,1.542023e-01
3.601008e+00,6.269509e-06,3.012651e-01,1.533169e-01
3.611391e+00,6.295952e-06,3.022567e-01,1.524366e-01
3.621804e+00,6.322506e-06,3.032553e-01,1.515613e-01
3.632246e+00,6.349172e-06,3.042611e-01,1.506911e-01
3.642719e+00,6.375951e-06,3.052740e-01,1.498259e-01
3.653222e+00,6.402845e-06,3.062941e-01,1.489656e-01
3.663755e+00,6.429853e-06,3.073215e-01,1.481103e-01
3.674319e+00,6.456975e-06,3.083562e-01,1.472599e-01
3.684913e+00,6.484211e-06,3.093982e-01,1.464144e-01
3.695538e+00,6.511562e-06,3.104477e-01,1.455737e-01
3.706193e+00,6.539028e-06,3.115046e-01,1.447379e-01
3.716879e+00,6.566610e-06,3.125690e-01,1.439068e-01
3.727596e+00,6.594312e-06,3.136410e-01,1.430806e-01
3.738343e+00,6.622131e-06,3.147207e-01,1.422590e-01
3.749122e+00,6.650067e-06,3.158080e-01,1.414422e-01
3.759932e+00,6.678576e-06,3.169031e-01,1.406301e-01
3.770773e+00,6.707344e-06,3.180060e-01,1.398226e-01
3.781645e+00,6.736236e-06,3.191169e-01,1.390198e-01
3.792549e+00,6.765253e-06,3.202359e-01,1.382216e-01
3.803484e+00,6.794395e-06,3.213628e-01,1.374280e-01
3.814450e+00,6.823666e-06,3.224979e-01,1.366389e-01
3.825448e+00,6.853063e-06,3.236412e-01,1.358544e-01
3.836478e+00,6.882587e-06,3.247927e-01,1.350743e-01
3.847540e+00,6.912238e-06,3.259525e-01,1.342988e-01
3.858633e+00,6.942019e-06,3.271206e-01,1.335277e-01
3.869759e+00,6.971927e-06,3.282972e-01,1.327610e-01
3.880916e+00,7.001965e-06,3.294823e-01,1.319987e-01
3.892106e+00,7.032132e-06,3.306758e-01,1.312408e-01
3.903328e+00,7.062432e-06,3.318780e-01,1.304873e-01
3.914583e+00,7.092862e-06,3.330889e-01,1.297380e-01
3.925869e+00,7.123423e-06,3.343084e-01,1.289931e-01
3.937189e+00,7.154116e-06,3.355368e-01,1.282525e-01
3.948541e+00,7.184943e-06,3.367740e-01,1.275161e-01
3.959926e+00,7.215903e-06,3.380201e-01,1.267839e-01
3.971343e+00,7.246997e-06,3.392752e-01,1.260560e-01
3.982794e+00,7.278225e-06,3.405393e-01,1.253322e-01
3.994277e+00,7.309589e-06,3.418126e-01,1.246126e-01
4.005794e+00,7.341091e-06,3.430950e-01,1.238971e-01
4.017344e+00,7.372728e-06,3.443867e-01,1.231857e-01
4.028927e+00,7.404501e-06,3.456876e-01,1.224784e-01
4.040543e+00,7.436412e-06,3.469980e-01,1.217752e-01
4.052193e+00,7.468462e-06,3.483178e-01,1.210760e-01
4.063877e+00,7.500651e-06,3.496470e-01,1.203808e-01
4.075594e+00,7.532978e-06,3.509859e-01,1.196896e-01
4.087345e+00,7.565444e-06,3.523344e-01,1.190024e-01
4.099130e+00,7.598052e-06,3.536927e-01,1.183191e-01
4.110949e+00,7.630802e-06,3.550607e-01,1.176397e-01
4.122802e+00,7.663693e-06,3.564386e-01,1.169643e-01
4.134689e+00,7.696726e-06,3.578264e-01,1.162927e-01
4.146611e+00,7.729901e-06,3.592242e-01,1.156250e-01
4.158567e+00,7.763224e-06,3.606321e-01,1.149611e-01
4.170557e+00,7.796691e-06,3.620501e-01,1.143010e-01
4.182582e+00,7.830301e-06,3.634783e-01,1.136447e-01
4.194641e+00,7.864057e-06,3.649169e-01,1.129922e-01
4.206736e+00,7.897959e-06,3.663658e-01,1.123434e-01
4.218865e+00,7.929453e-06,3.678249e-01,1.116984e-01
4.231029e+00,7.960353e-06,3.692940e-01,1.110571e-01
4.243228e+00,7.991374e-06,3.707731e-01,1.104194e-01
4.255463e+00,8.022516e-06,3.722622e-01,1.097854e-01
4.267733e+00,8.053780e-06,3.737614e-01,1.091551e-01
4.280038e+00,8.085169e-06,3.752708e-01,1.085283e-01
4.292378e+00,8.116680e-06,3.767905e-01,1.079052e-01
4.304754e+00,8.148314e-06,3.783204e-01,1.072856e-01
4.317166e+00,8.180071e-06,3.798608e-01,1.066696e-01
4.329614e+00,8.211953e-06,3.814117e-01,1.060571e-01
4.342097e+00,8.243962e-06,3.829730e-01,1.054482e-01
4.354617e+00,8.276096e-06,3.845450e-01,1.048427e-01
4.367172e+00,8.308356e-06,3.861276e-01,1.042408e-01
4.379764e+00,8.340741e-06,3.877210e-01,1.036422e-01
4.392392e+00,8.373253e-06,3.893253e-01,1.030472e-01
4.405057e+00,8.405895e-06,3.909404e-01,1.024555e-01
4.417758e+00,8.438664e-06,3.925665e-01,1.018672e-01
4.430495e+00,8.471561e-06,3.942036e-01,1.012823e-01
4.443270e+00,8.504586e-06,3.958519e-01,1.007008e-01
4.456081e+00,8.537740e-06,3.975113e-01,1.001226e-01
4.468929e+00,8.571027e-06,3.991821e-01,9.954772e-02
4.481814e+00,8.604444e-06,4.008641e-01,9.897615e-02
4.494736e+00,8.637992e-06,4.025576e-01,9.840785e-02
4.507696e+00,8.671671e-06,4.042627e-01,9.784282e-02
4.520693e+00,8.705480e-06,4.059792e-01,9.728104e-02
4.533727e+00,8.739424e-06,4.077075e-01,9.672248e-02
4.546799e+00,8.773503e-06,4.094475e-01,9.616712e-02
4.559909e+00,8.807715e-06,4.111993e-01,9.561496e-02
4.573057e+00,8.842061e-06,4.129630e-01,9.506597e-02
4.586242e+00,8.876541e-06,4.147387e-01,9.452012e-02
4.599465e+00,8.911155e-06,4.165265e-01,9.397742e-02
4.612727e+00,8.945906e-06,4.183264e-01,9.343782e-02
4.626027e+00,8.980795e-06,4.201386e-01,9.290133e-02
4.639365e+00,9.015820e-06,4.219630e-01,9.236792e-02
4.652742e+00,9.050981e-06,4.237999e-01,9.183757e-02
4.666157e+00,9.086280e-06,4.256492e-01,9.131026e-02
4.679611e+00,9.121716e-06,4.275111e-01,9.078598e-02
4.693103e+00,9.157293e-06,4.293856e-01,9.026472e-02
4.706635e+00,9.193011e-06,4.312729e-01,8.974644e-02
4.720205e+00,9.228869e-06,4.331730e-01,8.923114e-02
4.733815e+00,9.240107e-06,4.350835e-01,8.871880e-02
4.747464e+00,9.244918e-06,4.370011e-01,8.820940e-02
4.761152e+00,9.249732e-06,4.389253e-01,8.770293e-02
4.774880e+00,9.254551e-06,4.408560e-01,8.719937e-02
4.788647e+00,9.259375e-06,4.427933e-01,8.669869e-02
4.802454e+00,9.264201e-06,4.447372e-01,8.620089e-02
4.816301e+00,9.269030e-06,4.466877e-01,8.570595e-02
4.830188e+00,9.273861e-06,4.486448e-01,8.521385e-02
4.844115e+00,9.278695e-06,4.506087e-01,8.472458e-02
4.858082e+00,9.283533e-06,4.525792e-01,8.423811e-02
4.872089e+00,9.288377e-06,4.545564e-01,8.375444e-02
4.886136e+00,9.293223e-06,4.565404e-01,8.327355e-02
4.900224e+00,9.298072e-06,4.585311e-01,8.279541e-02
4.914353e+00,9.302923e-06,4.605286e-01,8.232003e-02
4.928523e+00,9.307777e-06,4.625329e-01,8.184737e-02
4.942733e+00,9.312633e-06,4.645440e-01,8.137742e-02
4.956984e+00,9.317496e-06,4.665620e-01,8.091018e-02
4.971277e+00,9.322362e-06,4.685868e-01,8.044561e-02
4.985610e+00,9.327232e-06,4.706186e-01,7.998372e-02
4.999985e+00,9.332104e-06,4.726573e-01,7.952447e-02
5.014401e+00,9.336978e-06,4.747029e-01,7.906787e-02
5.028859e+00,9.341855e-06,4.767555e-01,7.861388e-02
5.043359e+00,9.346734e-06,4.788151e-01,7.816250e-02
5.057900e+00,9.351620e-06,4.808817e-01,7.771372e-02
5.072484e+00,9.356509e-06,4.829553e-01,7.726751e-02
5.087109e+00,9.361400e-06,4.850360e-01,7.682386e-02
5.101777e+00,9.366294e-06,4.871238e-01,7.638276e-02
5.116487e+00,9.371190e-06,4.892188e-01,7.594419e-02
5.131239e+00,9.376089e-06,4.913208e-01,7.550814e-02
5.146034e+00,9.380991e-06,4.934300e-01,7.507459e-02
5.160871e+00,9.385899e-06,4.955464e-01,7.464353e-02
5.175751e+00,9.390811e-06,4.976700e-01,7.421495e-02
5.190675e+00,9.395725e-06,4.998009e-01,7.378883e-02
5.205641e+00,9.400642e-06,5.019390e-01,7.336516e-02
5.220650e+00,9.405561e-06,5.040844e-01,7.294391e-02
5.235703e+00,9.410483e-06,5.062371e-01,7.252509e-02
5.250799e+00,9.415408e-06,5.083972e-01,7.210867e-02
5.265938e+00,9.420337e-06,5.105646e-01,7.169465e-02
5.281121e+00,9.425270e-06,5.127394e-01,7.128299e-02
5.296348e+00,9.430206e-06,5.149216e-01,7.087371e-02
5.311619e+00,9.417711e-06,5.171093e-01,7.046677e-02
5.326934e+00,9.401045e-06,5.192998e-01,7.006217e-02
5.342293e+00,9.384410e-06,5.214928e-01,6.965989e-02
5.357696e+00,9.367803e-06,5.236882e-01,6.925993e-02
5.373144e+00,9.351226e-06,5.258860e-01,6.886226e-02
5.388636e+00,9.334681e-06,5.280863e-01,6.846687e-02
5.404173e+00,9.318166e-06,5.302890e-01,6.807375e-02
5.419755e+00,9.301680e-06,5.324942e-01,6.768289e-02
5.435382e+00,9.285223e-06,5.347018e-01,6.729427e-02
5.451054e+00,9.268797e-06,5.369118e-01,6.690789e-02
5.466770e+00,9.252401e-06,5.391243e-01,6.652372e-02
5.482533e+00,9.236034e-06,5.413393e-01,6.614176e-02
5.498340e+00,9.219696e-06,5.435567e-01,6.576200e-02
5.514194e+00,9.203388e-06,5.457766e-01,6.538441e-02
5.530093e+00,9.187109e-06,5.479989e-01,6.500899e-02
5.546037e+00,9.170859e-06,5.502237e-01,6.463573e-02
5.562028e+00,9.154638e-06,5.524510e-01,6.426461e-02
5.578065e+00,9.138447e-06,5.546807e-01,6.389562e-02
5.594148e+00,9.122286e-06,5.569129e-01,6.352875e-02
5.610278e+00,9.106153e-06,5.591476e-01,6.316398e-02
5.626454e+00,9.090049e-06,5.613848e-01,6.280131e-02
5.642676e+00,9.073973e-06,5.636244e-01,6.244073e-02
5.658946e+00,9.057927e-06,5.658666e-01,6.208221e-02
5.675262e+00,9.041909e-06,5.681112e-01,6.172575e-02
5.691626e+00,9.025919e-06,5.703583e-01,6.137134e-02
5.708036e+00,9.009958e-06,5.726079e-01,6.101896e-02
5.724494e+00,8.994027e-06,5.748600e-01,6.066861e-02
5.740999e+00,8.978124e-06,5.771146e-01,6.032027e-02
5.757552e+00,8.962250e-06,5.793718e-01,5.997392e-02
5.774153e+00,8.946404e-06,5.816314e-01,5.962957e-02
5.790801e+00,8.930586e-06,5.838935e-01,5.928719e-02
5.807498e+00,8.914797e-06,5.861581e-01,5.894678e-02
5.824242e+00,8.899036e-06,5.884253e-01,5.860833e-02
5.841035e+00,8.883303e-06,5.906950e-01,5.827182e-02
5.857877e+00,8.867597e-06,5.929671e-01,5.793724e-02
5.874767e+00,8.851921e-06,5.952419e-01,5.760458e-02
5.891705e+00,8.836273e-06,5.975191e-01,5.727383e-02
5.908693e+00,8.820653e-06,5.997989e-01,5.694498e-02
5.925729e+00,8.805061e-06,6.020811e-01,5.661801e-02
5.942815e+00,8.789496e-06,6.043660e-01,5.629293e-02
5.959949e+00,8.754054e-06,6.066508e-01,5.596971e-02
5.977134e+00,8.714365e-06,6.089323e-01,5.564835e-02
5.994367e+00,8.674856e-06,6.112101e-01,5.532883e-02
6.011651e+00,8.635527e-06,6.134840e-01,5.501115e-02
6.028984e+00,8.596375e-06,6.157542e-01,5.469529e-02
6.046367e+00,8.557403e-06,6.180206e-01,5.438125e-02
6.063801e+00,8.518608e-06,6.202833e-01,5.406900e-02
6.081284e+00,8.479988e-06,6.225421e-01,5.375856e-02
6.098818e+00,8.441544e-06,6.247972e-01,5.344989e-02
6.116403e+00,8.403274e-06,6.270486e-01,5.314300e-02
6.134038e+00,8.365178e-06,6.292962e-01,5.283786e-02
6.151725e+00,8.327255e-06,6.315401e-01,5.253448e-02
6.169462e+00,8.289505e-06,6.337803e-01,5.223284e-02
6.187250e+00,8.251925e-06,6.360167e-01,5.193294e-02
6.205090e+00,8.214516e-06,6.382494e-01,5.163475e-02
6.222981e+00,8.177277e-06,6.404784e-01,5.133828e-02
6.240923e+00,8.140207e-06,6.427037e-01,5.104351e-02
6.258918e+00,8.103305e-06,6.449253e-01,5.075043e-02
6.276964e+00,8.066571e-06,6.471432e-01,5.045904e-02
6.295062e+00,8.030003e-06,6.493574e-01,5.016932e-02
6.313212e+00,7.993602e-06,6.515679e-01,4.988126e-02
6.331415e+00,7.957366e-06,6.537747e-01,4.959486e-02
6.349670e+00,7.921295e-06,6.559779e-01,4.931010e-02
6.367978e+00,7.885387e-06,6.581774e-01,4.902697e-02
6.386339e+00,7.849642e-06,6.603733e-01,4.874547e-02
6.404753e+00,7.814059e-06,6.625655e-01,4.846559e-02
6.423219e+00,7.778637e-06,6.647540e-01,4.818731e-02
6.441739e+00,7.743377e-06,6.669389e-01,4.791064e-02
6.460313e+00,7.708277e-06,6.691202e-01,4.763555e-02
6.478939e+00,7.673337e-06,6.712979e-01,4.736204e-02
6.497620e+00,7.638555e-06,6.734719e-01,4.709010e-02
6.516355e+00,7.603930e-06,6.756423e-01,4.681972e-02
6.535143e+00,7.569463e-06,6.778091e-01,4.655089e-02
6.553986e+00,7.535151e-06,6.799723e-01,4.628361e-02
6.572883e+00,7.500996e-06,6.821320e-01,4.601787e-02
6.591834e+00,7.466996e-06,6.842880e-01,4.575364e-02
6.610840e+00,7.433150e-06,6.864404e-01,4.549094e-02
6.629901e+00,7.399458e-06,6.885893e-01,4.522974e-02
6.649017e+00,7.365918e-06,6.907346e-01,4.497005e-02
6.668188e+00,7.332530e-06,6.928763e-01,4.471184e-02
6.687414e+00,7.284388e-06,6.950123e-01,4.445512e-02
6.706696e+00,7.233555e-06,6.971399e-01,4.419987e-02
6.726033e+00,7.183079e-06,6.992588e-01,4.394609e-02
6.745426e+00,7.132955e-06,7.013690e-01,4.369376e-02
6.764875e+00,7.083180e-06,7.034704e-01,4.344288e-02
6.784380e+00,7.033753e-06,7.055633e-01,4.319345e-02
6.803942e+00,6.984671e-06,7.076475e-01,4.294544e-02
6.823559e+00,6.935931e-06,7.097231e-01,4.269886e-02
6.843233e+00,6.887532e-06,7.117902e-01,4.245370e-02
6.862964e+00,6.839470e-06,7.138488e-01,4.220994e-02
6.882752e+00,6.791744e-06,7.158989e-01,4.196758e-02
6.902597e+00,6.744351e-06,7.179406e-01,4.172662e-02
6.922499e+00,6.697289e-06,7.199739e-01,4.148703e-02
6.942459e+00,6.650555e-06,7.219988e-01,4.124883e-02
6.962476e+00,6.604148e-06,7.240154e-01,4.101199e-02
6.982551e+00,6.558065e-06,7.260237e-01,4.077651e-02
7.002683e+00,6.512303e-06,7.280238e-01,4.054238e-02
7.022874e+00,6.466861e-06,7.300155e-01,4.030960e-02
7.043123e+00,6.421736e-06,7.319991e-01,4.007815e-02
7.063430e+00,6.376927e-06,7.339746e-01,3.984803e-02
7.083796e+00,6.332430e-06,7.359419e-01,3.961924e-02
7.104221e+00,6.288243e-06,7.379011e-01,3.939176e-02
7.124704e+00,6.244366e-06,7.398523e-01,3.916558e-02
7.145247e+00,6.200794e-06,7.417954e-01,3.894070e-02
7.165848e+00,6.157527e-06,7.437305e-01,3.871712e-02
7.186510e+00,6.114561e-06,7.456577e-01,3.849481e-02
7.207230e+00,6.071895e-06,7.475769e-01,3.827379e-02
7.228011e+00,6.029527e-06,7.494883e-01,3.805403e-02
7.248851e+00,5.987455e-06,7.513918e-01,3.783553e-02
7.269752e+00,5.945676e-06,7.532874e-01,3.761829e-02
7.290712e+00,5.904189e-06,7.551753e-01,3.740230e-02
7.311734e+00,5.862992e-06,7.570553e-01,3.718755e-02
7.332815e+00,5.822082e-06,7.589277e-01,3.697403e-02
7.353958e+00,5.781458e-06,7.607923e-01,3.676173e-02
7.375161e+00,5.741117e-06,7.626493e-01,3.655066e-02
7.396426e+00,5.701058e-06,7.644986e-01,3.634079e-02
7.417752e+00,5.661278e-06,7.663404e-01,3.613213e-02
7.439140e+00,5.621777e-06,7.681745e-01,3.592467e-02
7.460589e+00,5.582550e-06,7.700011e-01,3.571840e-02
7.482100e+00,5.543598e-06,7.718202e-01,3.551332e-02
7.503673e+00,5.498612e-06,7.736307e-01,3.530941e-02
7.525308e+00,5.452832e-06,7.754316e-01,3.510667e-02
7.547005e+00,5.407432e-06,7.772226e-01,3.490510e-02
7.568766e+00,5.362411e-06,7.790038e-01,3.470469e-02
7.590588e+00,5.317765e-06,7.807753e-01,3.450542e-02
7.612474e+00,5.273490e-06,7.825371e-01,3.430730e-02
7.634423e+00,5.229584e-06,7.842893e-01,3.411032e-02
7.656435e+00,5.186044e-06,7.860319e-01,3.391447e-02
7.678511e+00,5.142866e-06,7.877649e-01,3.371974e-02
7.700650e+00,5.100047e-06,7.894885e-01,3.352613e-02
7.722853e+00,5.057586e-06,7.912027e-01,3.333363e-02
7.745121e+00,5.015478e-06,7.929075e-01,3.314224e-02
7.767452e+00,4.973721e-06,7.946030e-01,3.295195e-02
7.789848e+00,4.932311e-06,7.962892e-01,3.276275e-02
7.812308e+00,4.891247e-06,7.979662e-01,3.257463e-02
7.834833e+00,4.850524e-06,7.996340e-01,3.238760e-02
7.857423e+00,4.810140e-06,8.012927e-01,3.220164e-02
7.880078e+00,4.770093e-06,8.029424e-01,3.201674e-02
7.902799e+00,4.730379e-06,8.045830e-01,3.183291e-02
7.925585e+00,4.690995e-06,8.062147e-01,3.165014e-02
7.948436e+00,4.651940e-06,8.078374e-01,3.146841e-02
7.971354e+00,4.613210e-06,8.094513e-01,3.128773e-02
7.994338e+00,4.574802e-06,8.110563e-01,3.110808e-02
8.017388e+00,4.536714e-06,8.126526e-01,3.092947e-02
8.040504e+00,4.498943e-06,8.142401e-01,3.075188e-02
8.063687e+00,4.461487e-06,8.158190e-01,3.057531e-02
8.086937e+00,4.424343e-06,8.173892e-01,3.039976e-02
8.110254e+00,4.387508e-06,8.189509e-01,3.022521e-02
8.133638e+00,4.350980e-06,8.205040e-01,3.005167e-02
8.157089e+00,4.314756e-06,8.220486e-01,2.987912e-02
8.180609e+00,4.278833e-06,8.235848e-01,2.970756e-02
8.204196e+00,4.243210e-06,8.251126e-01,2.953699e-02
8.227851e+00,4.207884e-06,8.266321e-01,2.936740e-02
8.251574e+00,4.172851e-06,8.281432e-01,2.919878e-02
8.275365e+00,4.138111e-06,8.296461e-01,2.903112e-02
8.299226e+00,4.103659e-06,8.311407e-01,2.886444e-02
8.323155e+00,4.069494e-06,8.326272e-01,2.869871e-02
8.347153e+00,4.035614e-06,8.341056e-01,2.853393e-02
8.371220e+00,4.002016e-06,8.355758e-01,2.837009e-02
8.395356e+00,3.968698e-06,8.370381e-01,2.820720e-02
8.419563e+00,3.929863e-06,8.384913e-01,2.804524e-02
8.443839e+00,3.890444e-06,8.399342e-01,2.788421e-02
8.468184e+00,3.851420e-06,8.413668e-01,2.772411e-02
8.492601e+00,3.812788e-06,8.427891e-01,2.756493e-02
8.517087e+00,3.774543e-06,8.442012e-01,2.740666e-02
8.541644e+00,3.736683e-06,8.456032e-01,2.724929e-02
8.566272e+00,3.699201e-06,8.469951e-01,2.709284e-02
8.590971e+00,3.662096e-06,8.483770e-01,2.693728e-02
8.615741e+00,3.625363e-06,8.497490e-01,2.678261e-02
8.640583e+00,3.588999e-06,8.511111e-01,2.662883e-02
8.665496e+00,3.552999e-06,8.524635e-01,2.647594e-02
8.690481e+00,3.517361e-06,8.538062e-01,2.632392e-02
8.715538e+00,3.482080e-06,8.551392e-01,2.617278e-02
8.740668e+00,3.447153e-06,8.564627e-01,2.602250e-02
8.765870e+00,3.412576e-06,8.577766e-01,2.587309e-02
8.791144e+00,3.378347e-06,8.590812e-01,2.572453e-02
8.816491e+00,3.344460e-06,8.603763e-01,2.557683e-02
8.841912e+00,3.310914e-06,8.616622e-01,2.542997e-02
8.867406e+00,3.277704e-06,8.629389e-01,2.528396e-02
8.892973e+00,3.244827e-06,8.642064e-01,2.513879e-02
8.918614e+00,3.212280e-06,8.654648e-01,2.499445e-02
8.944329e+00,3.180059e-06,8.667142e-01,2.485094e-02
8.970118e+00,3.148162e-06,8.679546e-01,2.470825e-02
8.995981e+00,3.116584e-06,8.691861e-01,2.456638e-02
9.021919e+00,3.085324e-06,8.704087e-01,2.442533e-02
9.047932e+00,3.054377e-06,8.716226e-01,2.428508e-02
9.074019e+00,3.023740e-06,8.728278e-01,2.414565e-02
9.100182e+00,2.993411e-06,8.740243e-01,2.400701e-02
9.126421e+00,2.963386e-06,8.752123e-01,2.386917e-02
9.152735e+00,2.933663e-06,8.763917e-01,2.373212e-02
9.179125e+00,2.904237e-06,8.775627e-01,2.359585e-02
9.205591e+00,2.875107e-06,8.787252e-01,2.346037e-02
9.232133e+00,2.846268e-06,8.798794e-01,2.332567e-02
9.258752e+00,2.817719e-06,8.810254e-01,2.319174e-02
9.285447e+00,2.789457e-06,8.821631e-01,2.305858e-02
9.312220e+00,2.761478e-06,8.832926e-01,2.292618e-02
9.339070e+00,2.733779e-06,8.844141e-01,2.279455e-02
9.365997e+00,2.706358e-06,8.855274e-01,2.266367e-02
9.393002e+00,2.679213e-06,8.866328e-01,2.253354e-02
9.420084e+00,2.652340e-06,8.877303e-01,2.240416e-02
9.447245e+00,2.621248e-06,8.888190e-01,2.227552e-02
9.474484e+00,2.589850e-06,8.898978e-01,2.214762e-02
9.501802e+00,2.558829e-06,8.909669e-01,2.202046e-02
9.529198e+00,2.528179e-06,8.920261e-01,2.189402e-02
9.556673e+00,2.497896e-06,8.930757e-01,2.176831e-02
9.584228e+00,2.467976e-06,8.941157e-01,2.164332e-02
9.611862e+00,2.438414e-06,8.951462e-01,2.151905e-02
9.639576e+00,2.409206e-06,8.961673e-01,2.139550e-02
9.667369e+00,2.380348e-06,8.971791e-01,2.127265e-02
9.695243e+00,2.351836e-06,8.981817e-01,2.115051e-02
9.723197e+00,2.323666e-06,8.991751e-01,2.102907e-02
9.751232e+00,2.295833e-06,9.001594e-01,2.090833e-02
9.779347e+00,2.268333e-06,9.011347e-01,2.078828e-02
9.807544e+00,2.241163e-06,9.021012e-01,2.066892e-02
9.835822e+00,2.214318e-06,9.030588e-01,2.055024e-02
9.864181e+00,2.187795e-06,9.040076e-01,2.043225e-02
9.892623e+00,2.161590e-06,9.049478e-01,2.031493e-02
9.921146e+00,2.135698e-06,9.058795e-01,2.019829e-02
9.949751e+00,2.110117e-06,9.068026e-01,2.008232e-02
9.978439e+00,2.084842e-06,9.077173e-01,1.996701e-02
1.000721e+01,2.059869e-06,9.086236e-01,1.985236e-02
1.003606e+01,2.035196e-06,9.095217e-01,1.973838e-02
1.006500e+01,2.010819e-06,9.104115e-01,1.962504e-02
1.009402e+01,1.986733e-06,9.112933e-01,1.951236e-02
1.012312e+01,1.962936e-06,9.121670e-01,1.940033e-02
1.015231e+01,1.939424e-06,9.130327e-01,1.928894e-02
1.018158e+01,1.916194e-06,9.138905e-01,1.917819e-02
1.021094e+01,1.893242e-06,9.147405e-01,1.906807e-02
1.024038e+01,1.870565e-06,9.155827e-01,1.895859e-02
1.026991e+01,1.848159e-06,9.164172e-01,1.884973e-02
1.029952e+01,1.826022e-06,9.172442e-01,1.874150e-02
1.032921e+01,1.804150e-06,9.180635e-01,1.863389e-02
1.035900e+01,1.782540e-06,9.188754e-01,1.852690e-02
1.038886e+01,1.761189e-06,9.196799e-01,1.842053e-02
1.041882e+01,1.740094e-06,9.204770e-01,1.831476e-02
1.044886e+01,1.719251e-06,9.212669e-01,1.820960e-02
1.047899e+01,1.698658e-06,9.220495e-01,1.810505e-02
1.050920e+01,1.678312e-06,9.228250e-01,1.800109e-02
1.053950e+01,1.658209e-06,9.235934e-01,1.789774e-02
1.056989e+01,1.638348e-06,9.243548e-01,1.779497e-02
1.060037e+01,1.618657e-06,9.251093e-01,1.769280e-02
1.063093e+01,1.599195e-06,9.258568e-01,1.759121e-02
1.066158e+01,1.579966e-06,9.265974e-01,1.749021e-02
1.069232e+01,1.560969e-06,9.273313e-01,1.738979e-02
1.072315e+01,1.542200e-06,9.280584e-01,1.728994e-02
1.075407e+01,1.523656e-06,9.287789e-01,1.719066e-02
1.078508e+01,1.505336e-06,9.294927e-01,1.709196e-02
1.081617e+01,1.487236e-06,9.302000e-01,1.699382e-02
1.084736e+01,1.469354e-06,9.309008e-01,1.689625e-02
1.087863e+01,1.451686e-06,9.315952e-01,1.679924e-02
1.091000e+01,1.434231e-06,9.322832e-01,1.670278e-02
1.094146e+01,1.416986e-06,9.329649e-01,1.660688e-02
1.097300e+01,1.399949e-06,9.336404e-01,1.651152e-02
1.100464e+01,1.383116e-06,9.343096e-01,1.641672e-02
1.103637e+01,1.366485e-06,9.349727e-01,1.632246e-02
1.106819e+01,1.350055e-06,9.356297e-01,1.622874e-02
1.110011e+01,1.333822e-06,9.362807e-01,1.613556e-02
1.113211e+01,1.317785e-06,9.369257e-01,1.604291e-02
1.116421e+01,1.301940e-06,9.375648e-01,1.595080e-02
1.119640e+01,1.286286e-06,9.381981e-01,1.585922e-02
1.122868e+01,1.270819e-06,9.388255e-01,1.576816e-02
1.126105e+01,1.255539e-06,9.394471e-01,1.567762e-02
1.129352e+01,1.240443e-06,9.400631e-01,1.558760e-02
1.132609e+01,1.225528e-06,9.406734e-01,1.549810e-02
1.135874e+01,1.210793e-06,9.412781e-01,1.540912e-02
1.139149e+01,1.196234e-06,9.418773e-01,1.532064e-02
1.142434e+01,1.181851e-06,9.424710e-01,1.523268e-02
1.145728e+01,1.167641e-06,9.430592e-01,1.514521e-02
1.149031e+01,1.153601e-06,9.436420e-01,1.505826e-02
1.152344e+01,1.139731e-06,9.442195e-01,1.497180e-02
1.155667e+01,1.126027e-06,9.447917e-01,1.488583e-02
1.158999e+01,1.112488e-06,9.453586e-01,1.480036e-02
1.162340e+01,1.099112e-06,9.459203e-01,1.471538e-02
1.165692e+01,1.085896e-06,9.464769e-01,1.463089e-02
1.169053e+01,1.072840e-06,9.470283e-01,1.454688e-02
1.172424e+01,1.059940e-06,9.475747e-01,1.446336e-02
1.175804e+01,1.047196e-06,9.481161e-01,1.438032e-02
1.179194e+01,1.034605e-06,9.486526e-01,1.429775e-02
1.182594e+01,1.022165e-06,9.491841e-01,1.421565e-02
1.186004e+01,1.009875e-06,9.497107e-01,1.413403e-02
1.189423e+01,9.976166e-07,9.502325e-01,1.405288e-02
1.192853e+01,9.854935e-07,9.507494e-01,1.397219e-02
1.196292e+01,9.735178e-07,9.512615e-01,1.389197e-02
1.199741e+01,9.616876e-07,9.517688e-01,1.381220e-02
1.203201e+01,9.500011e-07,9.522714e-01,1.373290e-02
1.206670e+01,9.384567e-07,9.527694e-01,1.365405e-02
1.210149e+01,9.270526e-07,9.532627e-01,1.357565e-02
1.213638e+01,9.157871e-07,9.537514e-01,1.349770e-02
1.217137e+01,9.046585e-07,9.542356e-01,1.342020e-02
1.220647e+01,8.936651e-07,9.547152e-01,1.334315e-02
1.224166e+01,8.828053e-07,9.551904e-01,1.326653e-02
1.227696e+01,8.720775e-07,9.556612e-01,1.319036e-02
1.231236e+01,8.614800e-07,9.561276e-01,1.311463e-02
1.234786e+01,8.510114e-07,9.565897e-01,1.303932e-02
1.238346e+01,8.406700e-07,9.570475e-01,1.296446e-02
1.241916e+01,8.304542e-07,9.575010e-01,1.289002e-02
1.245497e+01,8.203626e-07,9.579503e-01,1.281601e-02
1.249088e+01,8.103936e-07,9.583954e-01,1.274242e-02
1.252690e+01,8.005458e-07,9.588363e-01,1.266926e-02
1.256302e+01,7.908176e-07,9.592732e-01,1.259651e-02
1.259924e+01,7.812076e-07,9.597060e-01,1.252419e-02
1.263557e+01,7.717145e-07,9.601348e-01,1.245228e-02
1.267200e+01,7.623367e-07,9.605596e-01,1.238078e-02
1.270853e+01,7.530729e-07,9.609804e-01,1.230969e-02
1.274518e+01,7.439217e-07,9.613973e-01,1.223902e-02
1.278192e+01,7.348816e-07,9.618104e-01,1.216874e-02
1.281878e+01,7.259514e-07,9.622195e-01,1.209887e-02
1.285574e+01,7.171298e-07,9.626249e-01,1.202940e-02
1.289281e+01,7.084153e-07,9.630266e-01,1.196034e-02
1.292998e+01,6.998067e-07,9.634244e-01,1.189166e-02
1.296726e+01,6.913028e-07,9.638186e-01,1.182338e-02
1.300465e+01,6.829022e-07,9.642091e-01,1.175550e-02
1.304214e+01,6.746036e-07,9.645960e-01,1.168800e-02
1.307975e+01,6.664060e-07,9.649793e-01,1.162089e-02
1.311746e+01,6.583079e-07,9.653590e-01,1.155417e-02
1.315528e+01,6.503083e-07,9.657352e-01,1.148783e-02
1.319321e+01,6.424058e-07,9.661079e-01,1.142187e-02
1.323125e+01,6.345994e-07,9.664771e-01,1.135629e-02
1.326940e+01,6.268879e-07,9.668428e-01,1.129108e-02
1.330766e+01,6.192701e-07,9.672052e-01,1.122625e-02
1.334603e+01,6.115242e-07,9.675642e-01,1.116179e-02
1.338451e+01,6.038527e-07,9.679196e-01,1.109771e-02
1.342310e+01,5.962774e-07,9.682716e-01,1.103399e-02
1.346181e+01,5.887971e-07,9.686202e-01,1.097063e-02
1.350062e+01,5.814107e-07,9.689655e-01,1.090764e-02
1.353955e+01,5.741170e-07,9.693073e-01,1.084501e-02
1.357858e+01,5.669147e-07,9.696459e-01,1.078274e-02
1.361773e+01,5.598028e-07,9.699812e-01,1.072083e-02
1.365700e+01,5.527801e-07,9.703132e-01,1.065928e-02
1.369638e+01,5.458455e-07,9.706420e-01,1.059807e-02
1.373587e+01,5.389979e-07,9.709676e-01,1.053722e-02
1.377547e+01,5.322362e-07,9.712901e-01,1.047672e-02
1.381519e+01,5.255594e-07,9.716094e-01,1.041657e-02
1.385502e+01,5.189663e-07,9.719257e-01,1.035676e-02
1.389497e+01,5.124559e-07,9.722388e-01,1.029729e-02
1.393503e+01,5.060272e-07,9.725490e-01,1.023817e-02
1.397521e+01,4.996792e-07,9.728561e-01,1.017938e-02
1.401551e+01,4.934107e-07,9.731602e-01,1.012094e-02
1.405592e+01,4.872210e-07,9.734614e-01,1.006282e-02
1.409644e+01,4.811088e-07,9.737597e-01,1.000505e-02
1.413709e+01,4.750734e-07,9.740551e-01,9.947600e-03
1.417785e+01,4.691137e-07,9.743476e-01,9.890484e-03
1.421873e+01,4.632287e-07,9.746373e-01,9.833695e-03
1.425972e+01,4.574176e-07,9.749241e-01,9.777233e-03
1.430084e+01,4.516793e-07,9.752082e-01,9.721095e-03
1.434207e+01,4.460131e-07,9.754896e-01,9.665279e-03
1.438342e+01,4.404179e-07,9.757682e-01,9.609784e-03
1.442490e+01,4.348930e-07,9.760441e-01,9.554607e-03
1.446649e+01,4.294373e-07,9.763173e-01,9.499747e-03
1.450820e+01,4.240501e-07,9.765879e-01,9.445203e-03
1.455003e+01,4.187305e-07,9.768558e-01,9.390971e-03
1.459198e+01,4.134776e-07,9.771212e-01,9.337051e-03
1.463405e+01,4.082906e-07,9.773840e-01,9.283440e-03
1.467625e+01,4.031687e-07,9.776442e-01,9.230137e-03
1.471856e+01,3.981110e-07,9.779019e-01,9.177140e-03
1.476100e+01,3.931168e-07,9.781571e-01,9.124448e-03
1.480356e+01,3.881852e-07,9.784099e-01,9.072058e-03
1.484624e+01,3.833155e-07,9.786602e-01,9.019968e-03
1.488905e+01,3.785069e-07,9.789080e-01,8.968178e-03
1.493198e+01,3.737586e-07,9.791535e-01,8.916686e-03
1.497503e+01,3.684377e-07,9.793963e-01,8.865488e-03
1.501821e+01,3.631373e-07,9.796364e-01,8.814585e-03
1.506151e+01,3.579132e-07,9.798737e-01,8.763974e-03
1.510494e+01,3.527643e-07,9.801083e-01,8.713654e-03
1.514849e+01,3.476895e-07,9.803402e-01,8.663623e-03
1.519217e+01,3.426876e-07,9.805694e-01,8.613879e-03
1.523597e+01,3.377578e-07,9.807959e-01,8.564420e-03
1.527990e+01,3.328988e-07,9.810198e-01,8.515246e-03
1.532396e+01,3.281097e-07,9.812412e-01,8.466354e-03
1.536814e+01,3.233896e-07,9.814600e-01,8.417742e-03
1.541245e+01,3.187373e-07,9.816762e-01,8.369410e-03
1.545689e+01,3.141520e-07,9.818900e-01,8.321355e-03
1.550146e+01,3.096326e-07,9.821013e-01,8.273576e-03
1.554615e+01,3.051783e-07,9.823101e-01,8.226072e-03
1.559097e+01,3.007880e-07,9.825166e-01,8.178840e-03
1.563593e+01,2.964609e-07,9.827206e-01,8.131879e-03
1.568101e+01,2.921960e-07,9.829223e-01,8.085188e-03
1.572622e+01,2.879925e-07,9.831217e-01,8.038766e-03
1.577157e+01,2.838495e-07,9.833188e-01,7.992609e-03
1.581704e+01,2.797661e-07,9.835136e-01,7.946718e-03
1.586264e+01,2.757414e-07,9.837062e-01,7.901090e-03
1.590838e+01,2.717746e-07,9.838965e-01,7.855724e-03
1.595425e+01,2.678649e-07,9.840846e-01,7.810619e-03
1.600025e+01,2.640114e-07,9.842706e-01,7.765773e-03
1.604638e+01,2.602134e-07,9.844544e-01,7.721184e-03
1.609265e+01,2.564701e-07,9.846361e-01,7.676851e-03
1.613905e+01,2.527805e-07,9.848157e-01,7.632773e-03
1.618558e+01,2.491441e-07,9.849932e-01,7.588947e-03
1.623225e+01,2.455599e-07,9.851687e-01,7.545374e-03
1.627905e+01,2.420274e-07,9.853421e-01,7.502050e-03
1.632599e+01,2.385456e-07,9.855136e-01,7.458976e-03
1.637306e+01,2.351139e-07,9.856830e-01,7.416148e-03
1.642027e+01,2.317315e-07,9.858505e-01,7.373567e-03
1.646761e+01,2.283979e-07,9.860161e-01,7.331230e-03
1.651510e+01,2.251122e-07,9.861798e-01,7.289136e-03
1.656271e+01,2.218737e-07,9.863415e-01,7.247284e-03
1.661047e+01,2.186819e-07,9.865015e-01,7.205672e-03
1.665836e+01,2.155359e-07,9.866595e-01,7.164299e-03
1.670639e+01,2.124353e-07,9.868158e-01,7.123164e-03
1.675456e+01,2.093792e-07,9.869702e-01,7.082265e-03
1.680287e+01,2.061645e-07,9.871228e-01,7.041600e-03
1.685132e+01,2.029845e-07,9.872734e-01,7.001169e-03
1.689990e+01,1.998535e-07,9.874222e-01,6.960971e-03
1.694863e+01,1.967708e-07,9.875691e-01,6.921003e-03
1.699750e+01,1.937357e-07,9.877141e-01,6.881264e-03
1.704651e+01,1.907474e-07,9.878573e-01,6.841754e-03
1.709566e+01,1.878052e-07,9.879988e-01,6.802471e-03
1.714495e+01,1.849083e-07,9.881384e-01,6.763413e-03
1.719438e+01,1.820562e-07,9.882763e-01,6.724579e-03
1.724396e+01,1.792481e-07,9.884124e-01,6.685969e-03
1.729368e+01,1.764832e-07,9.885468e-01,6.647580e-03
1.734354e+01,1.737610e-07,9.886796e-01,6.609411e-03
1.739355e+01,1.710808e-07,9.888106e-01,6.571462e-03
1.744370e+01,1.684419e-07,9.889401e-01,6.533730e-03
1.749399e+01,1.658437e-07,9.890678e-01,6.496215e-03
1.754443e+01,1.632856e-07,9.891940e-01,6.458916e-03
1.759502e+01,1.607670e-07,9.893186e-01,6.421831e-03
1.764575e+01,1.582872e-07,9.894416e-01,6.384958e-03
1.769663e+01,1.558456e-07,9.895631e-01,6.348298e-03
1.774765e+01,1.534418e-07,9.896831e-01,6.311848e-03
1.779882e+01,1.510750e-07,9.898015e-01,6.275607e-03
1.785014e+01,1.487447e-07,9.899184e-01,6.239574e-03
1.790161e+01,1.464504e-07,9.900339e-01,6.203748e-03
1.795322e+01,1.441915e-07,9.901479e-01,6.168128e-03
1.800499e+01,1.419674e-07,9.902605e-01,6.132712e-03
1.805690e+01,1.397777e-07,9.903717e-01,6.097500e-03
1.810896e+01,1.376216e-07,9.904815e-01,6.062490e-03
1.816118e+01,1.354988e-07,9.905898e-01,6.027681e-03
1.821354e+01,1.334088e-07,9.906969e-01,5.993071e-03
1.826606e+01,1.313510e-07,9.908026e-01,5.958661e-03
1.831872e+01,1.293249e-07,9.909069e-01,5.924448e-03
1.837154e+01,1.273301e-07,9.910099e-01,5.890432e-03
1.842451e+01,1.253661e-07,9.911117e-01,5.856610e-03
1.847763e+01,1.234324e-07,9.912121e-01,5.822983e-03
1.853091e+01,1.215285e-07,9.913113e-01,5.789549e-03
1.858434e+01,1.196540e-07,9.914093e-01,5.756307e-03
1.863792e+01,1.178084e-07,9.915060e-01,5.723256e-03
1.869166e+01,1.159913e-07,9.916015e-01,5.690395e-03
1.874555e+01,1.142022e-07,9.916958e-01,5.657722e-03
1.879960e+01,1.124407e-07,9.917889e-01,5.625237e-03
1.885381e+01,1.110638e-07,9.918809e-01,5.592939e-03
1.890817e+01,1.097249e-07,9.919722e-01,5.560826e-03
1.896269e+01,1.084022e-07,9.920626e-01,5.528897e-03
1.901736e+01,1.070954e-07,9.921521e-01,5.497152e-03
1.907219e+01,1.058043e-07,9.922408e-01,5.465589e-03
1.912718e+01,1.045289e-07,9.923287e-01,5.434207e-03
1.918233e+01,1.032687e-07,9.924158e-01,5.403005e-03
1.923764e+01,1.020238e-07,9.925021e-01,5.371983e-03
1.929311e+01,1.007939e-07,9.925876e-01,5.341138e-03
1.934874e+01,9.957885e-08,9.926724e-01,5.310471e-03
1.940452e+01,9.837843e-08,9.927563e-01,5.279980e-03
1.946047e+01,9.719248e-08,9.928395e-01,5.249663e-03
1.951658e+01,9.602082e-08,9.929219e-01,5.219521e-03
1.957285e+01,9.486329e-08,9.930035e-01,5.189552e-03
1.962929e+01,9.371972e-08,9.930844e-01,5.159755e-03
1.968589e+01,9.258991e-08,9.931645e-01,5.130130e-03
1.974265e+01,9.147372e-08,9.932440e-01,5.100674e-03
1.979957e+01,9.037098e-08,9.933226e-01,5.071387e-03
1.985666e+01,8.928154e-08,9.934006e-01,5.042269e-03
1.991391e+01,8.820523e-08,9.934778e-01,5.013317e-03
1.997133e+01,8.714191e-08,9.935543e-01,4.984532e-03
2.002891e+01,8.609142e-08,9.936302e-01,4.955913e-03
2.008666e+01,8.505359e-08,9.937053e-01,4.927457e-03
2.014457e+01,8.402827e-08,9.937797e-01,4.899165e-03
2.020266e+01,8.301531e-08,9.938534e-01,4.871035e-03
2.026091e+01,8.201456e-08,9.939265e-01,4.843067e-03
2.031932e+01,8.102588e-08,9.939989e-01,4.815260e-03
2.037791e+01,8.004912e-08,9.940706e-01,4.787612e-03
2.043667e+01,7.908413e-08,9.941417e-01,4.760123e-03
2.049559e+01,7.813077e-08,9.942121e-01,4.732792e-03
2.055468e+01,7.718891e-08,9.942819e-01,4.705617e-03
2.061395e+01,7.625840e-08,9.943510e-01,4.678599e-03
2.067339e+01,7.533910e-08,9.944195e-01,4.651736e-03
2.073299e+01,7.443089e-08,9.944873e-01,4.625027e-03
2.079277e+01,7.353364e-08,9.945545e-01,4.598471e-03
2.085272e+01,7.264720e-08,9.946212e-01,4.572068e-03
2.091285e+01,7.177145e-08,9.946872e-01,4.545816e-03
2.097314e+01,7.090625e-08,9.947525e-01,4.519716e-03
2.103362e+01,7.005149e-08,9.948173e-01,4.493765e-03
2.109426e+01,6.920703e-08,9.948815e-01,4.467963e-03
2.115508e+01,6.845114e-08,9.949452e-01,4.442309e-03
2.121608e+01,6.770706e-08,9.950083e-01,4.416803e-03
2.127725e+01,6.697107e-08,9.950709e-01,4.391443e-03
2.133860e+01,6.624308e-08,9.951330e-01,4.366228e-03
2.140012e+01,6.552301e-08,9.951946e-01,4.341158e-03
2.146183e+01,6.481076e-08,9.952558e-01,4.316233e-03
2.152371e+01,6.410625e-08,9.953164e-01,4.291450e-03
2.158577e+01,6.340940e-08,9.953765e-01,4.266810e-03
2.164800e+01,6.272012e-08,9.954362e-01,4.242311e-03
2.171042e+01,6.203833e-08,9.954954e-01,4.217953e-03
2.177302e+01,6.136396e-08,9.955541e-01,4.193735e-03
2.183580e+01,6.069691e-08,9.956123e-01,4.169655e-03
2.189875e+01,6.003711e-08,9.956701e-01,4.145714e-03
2.196190e+01,5.938449e-08,9.957274e-01,4.121911e-03
2.202522e+01,5.873896e-08,9.957843e-01,4.098244e-03
2.208872e+01,5.810045e-08,9.958407e-01,4.074713e-03
2.215241e+01,5.746888e-08,9.958966e-01,4.051317e-03
2.221628e+01,5.684419e-08,9.959521e-01,4.028056e-03
2.228034e+01,5.622628e-08,9.960072e-01,4.004928e-03
2.234458e+01,5.561510e-08,9.960618e-01,3.981933e-03
2.240900e+01,5.501055e-08,9.961159e-01,3.959069e-03
2.247362e+01,5.441258e-08,9.961697e-01,3.936338e-03
2.253841e+01,5.382111e-08,9.962230e-01,3.913736e-03
2.260340e+01,5.323606e-08,9.962759e-01,3.891265e-03
2.266857e+01,5.265738e-08,9.963283e-01,3.868922e-03
2.273393e+01,5.208498e-08,9.963803e-01,3.846708e-03
2.279948e+01,5.151881e-08,9.964320e-01,3.824621e-03
2.286522e+01,5.095879e-08,9.964832e-01,3.802661e-03
2.293114e+01,5.040486e-08,9.965339e-01,3.780827e-03
2.299726e+01,4.985694e-08,9.965843e-01,3.759119e-03
2.306357e+01,4.931498e-08,9.966343e-01,3.737535e-03
2.313007e+01,4.877892e-08,9.966839e-01,3.716075e-03
2.319676e+01,4.824868e-08,9.967331e-01,3.694739e-03
2.326364e+01,4.772421e-08,9.967819e-01,3.673525e-03
2.333071e+01,4.720544e-08,9.968303e-01,3.652432e-03
2.339798e+01,4.669231e-08,9.968783e-01,3.631461e-03
2.346545e+01,4.618476e-08,9.969259e-01,3.610610e-03
2.353310e+01,4.568273e-08,9.969731e-01,3.589879e-03
2.360096e+01,4.518615e-08,9.970200e-01,3.569267e-03
2.366900e+01,4.469497e-08,9.970665e-01,3.548773e-03
2.373725e+01,4.413692e-08,9.971126e-01,3.528397e-03
2.380569e+01,4.358353e-08,9.971582e-01,3.508138e-03
2.387433e+01,4.303708e-08,9.972034e-01,3.487995e-03
2.394316e+01,4.249748e-08,9.972481e-01,3.467968e-03
2.401220e+01,4.196465e-08,9.972925e-01,3.448056e-03
2.408143e+01,4.143850e-08,9.973363e-01,3.428258e-03
2.415087e+01,4.091894e-08,9.973798e-01,3.408574e-03
2.422050e+01,4.040590e-08,9.974228e-01,3.389003e-03
2.429034e+01,3.989930e-08,9.974655e-01,3.369545e-03
2.436037e+01,3.939904e-08,9.975077e-01,3.350198e-03
2.443061e+01,3.890506e-08,9.975495e-01,3.330962e-03
2.450105e+01,3.841727e-08,9.975909e-01,3.311836e-03
2.457169e+01,3.793559e-08,9.976319e-01,3.292821e-03
2.464254e+01,3.745996e-08,9.976725e-01,3.273914e-03
2.471359e+01,3.699029e-08,9.977127e-01,3.255116e-03
2.478485e+01,3.652650e-08,9.977525e-01,3.236426e-03
2.485631e+01,3.606854e-08,9.977919e-01,3.217844e-03
2.492798e+01,3.561631e-08,9.978310e-01,3.199368e-03
2.499985e+01,3.516976e-08,9.978696e-01,3.180998e-03
2.507193e+01,3.472881e-08,9.979079e-01,3.162734e-03
2.514422e+01,3.429338e-08,9.979459e-01,3.144574e-03
2.521672e+01,3.386342e-08,9.979834e-01,3.126519e-03
2.528943e+01,3.343884e-08,9.980206e-01,3.108567e-03
2.536234e+01,3.301959e-08,9.980574e-01,3.090719e-03
2.543547e+01,3.260559e-08,9.980939e-01,3.072973e-03
2.550881e+01,3.219678e-08,9.981300e-01,3.055328e-03
2.558236e+01,3.179310e-08,9.981658e-01,3.037786e-03
2.565612e+01,3.139448e-08,9.982012e-01,3.020344e-03
2.573009e+01,3.100087e-08,9.982363e-01,3.003002e-03
2.580428e+01,3.061218e-08,9.982711e-01,2.985759e-03
2.587868e+01,3.022837e-08,9.983055e-01,2.968616e-03
2.595330e+01,2.984937e-08,9.983395e-01,2.951571e-03
2.602813e+01,2.947512e-08,9.983733e-01,2.934624e-03
2.610317e+01,2.910557e-08,9.984067e-01,2.917774e-03
2.617844e+01,2.874064e-08,9.984398e-01,2.901021e-03
2.625391e+01,2.838030e-08,9.984725e-01,2.884364e-03
2.632961e+01,2.802447e-08,9.985050e-01,2.867803e-03
2.640553e+01,2.767310e-08,9.985371e-01,2.851337e-03
2.648166e+01,2.732613e-08,9.985690e-01,2.834965e-03
2.655802e+01,2.698352e-08,9.986005e-01,2.818688e-03
2.663459e+01,2.659757e-08,9.986317e-01,2.802504e-03
2.671139e+01,2.621624e-08,9.986625e-01,2.786412e-03
2.678840e+01,2.584037e-08,9.986930e-01,2.770414e-03
2.686564e+01,2.546990e-08,9.987231e-01,2.754507e-03
2.694310e+01,2.510473e-08,9.987529e-01,2.738691e-03
2.702079e+01,2.474480e-08,9.987823e-01,2.722966e-03
2.709869e+01,2.439004e-08,9.988114e-01,2.707332e-03
2.717683e+01,2.404035e-08,9.988402e-01,2.691787e-03
2.725519e+01,2.369569e-08,9.988686e-01,2.676332e-03
2.733377e+01,2.335596e-08,9.988967e-01,2.660965e-03
2.741258e+01,2.302110e-08,9.989245e-01,2.645686e-03
2.749162e+01,2.269104e-08,9.989519e-01,2.630495e-03
2.757089e+01,2.236572e-08,9.989791e-01,2.615392e-03
2.765038e+01,2.204506e-08,9.990059e-01,2.600375e-03
2.773010e+01,2.172899e-08,9.990324e-01,2.585444e-03
2.781006e+01,2.141746e-08,9.990587e-01,2.570600e-03
2.789024e+01,2.111040e-08,9.990846e-01,2.555840e-03
2.797066e+01,2.080774e-08,9.991102e-01,2.541165e-03
2.805131e+01,2.050941e-08,9.991355e-01,2.526574e-03
2.813218e+01,2.021537e-08,9.991606e-01,2.512067e-03
2.821330e+01,1.992554e-08,9.991853e-01,2.497644e-03
2.829464e+01,1.963987e-08,9.992098e-01,2.483303e-03
2.837623e+01,1.935829e-08,9.992339e-01,2.469045e-03
2.845804e+01,1.908075e-08,9.992578e-01,2.454868e-03
2.854010e+01,1.880719e-08,9.992815e-01,2.440773e-03
2.862238e+01,1.853755e-08,9.993048e-01,2.426759e-03
2.870491e+01,1.827178e-08,9.993279e-01,2.412825e-03
2.878768e+01,1.800982e-08,9.993507e-01,2.398971e-03
2.887068e+01,1.775161e-08,9.993733e-01,2.385197e-03
2.895392e+01,1.749711e-08,9.993956e-01,2.371502e-03
2.903740e+01,1.724625e-08,9.994177e-01,2.357885e-03
2.912113e+01,1.699899e-08,9.994394e-01,2.344347e-03
2.920509e+01,1.675527e-08,9.994610e-01,2.330887e-03
2.928930e+01,1.651505e-08,9.994823e-01,2.317503e-03
2.937375e+01,1.627827e-08,9.995033e-01,2.304197e-03
2.945844e+01,1.604489e-08,9.995241e-01,2.290967e-03
2.954338e+01,1.581485e-08,9.995447e-01,2.277813e-03
2.962856e+01,1.558812e-08,9.995650e-01,2.264734e-03
2.971398e+01,1.536463e-08,9.995851e-01,2.251731e-03
2.979966e+01,1.514435e-08,9.996050e-01,2.238802e-03
2.988558e+01,1.509971e-08,9.996247e-01,2.225947e-03
2.997175e+01,1.505630e-08,9.996445e-01,2.213166e-03
3.005816e+01,1.501301e-08,9.996642e-01,2.200459e-03
3.014483e+01,1.496985e-08,9.996840e-01,2.187825e-03
3.023175e+01,1.492680e-08,9.997037e-01,2.175263e-03
3.031891e+01,1.488388e-08,9.997235e-01,2.162773e-03
3.040633e+01,1.484109e-08,9.997432e-01,2.150355e-03
3.049400e+01,1.479842e-08,9.997630e-01,2.138008e-03
3.058192e+01,1.475587e-08,9.997827e-01,2.125732e-03
3.067010e+01,1.471344e-08,9.998025e-01,2.113527e-03
3.075853e+01,1.467114e-08,9.998222e-01,2.101392e-03
3.084722e+01,1.462895e-08,9.998420e-01,2.089326e-03
3.093616e+01,1.458689e-08,9.998617e-01,2.077330e-03
3.102536e+01,1.454495e-08,9.998815e-01,2.065402e-03
3.111481e+01,1.450313e-08,9.999012e-01,2.053544e-03
3.120452e+01,1.446144e-08,9.999210e-01,2.041753e-03
3.129449e+01,1.441986e-08,9.999407e-01,2.030029e-03
3.138473e+01,1.437840e-08,9.999605e-01,2.018374e-03
3.147522e+01,1.433706e-08,9.999802e-01,2.006785e-03
3.156597e+01,1.429583e-08,1.000000e+00,1.995262e-03
